date,ward_id,consumption_m3,num_connections
2025-07-01,1,17.93278345821433,530
2025-07-01,2,17.620296209361445,587
2025-07-01,3,46.58273963985869,659
2025-07-01,4,1.853818804147807,689
2025-07-01,5,33.37566977357736,762
2025-07-01,6,20.19777237024868,812
2025-07-01,7,36.93595929449287,838
2025-07-01,8,1.701301007911342,885
2025-07-01,9,5.240673234959292,934
2025-07-01,10,32.44378391840858,989
2025-07-01,11,5.874973354580554,1060
2025-07-01,12,8.049120919412887,1083
2025-07-02,1,7.8540295747449544,562
2025-07-02,2,4.59006669258701,603
2025-07-02,3,8.063226530639822,640
2025-07-02,4,37.00938316890236,689
2025-07-02,5,9.734589275361678,757
2025-07-02,6,39.528883646715556,805
2025-07-02,7,22.354735623081684,854
2025-07-02,8,13.170146619129817,908
2025-07-02,9,12.597578325481063,953
2025-07-02,10,25.10982210260456,1006
2025-07-02,11,24.647897094169885,1035
2025-07-02,12,8.120049137265525,1117
2025-07-03,1,20.24165370717038,550
2025-07-03,2,7.500342394877264,604
2025-07-03,3,9.406840193314666,643
2025-07-03,4,40.77657243446363,693
2025-07-03,5,27.928830876420392,767
2025-07-03,6,23.916356204442426,801
2025-07-03,7,30.154244852715077,865
2025-07-03,8,11.119747386658432,892
2025-07-03,9,6.6266910603190565,960
2025-07-03,10,9.357481261877757,1006
2025-07-03,11,17.504597846519555,1033
2025-07-03,12,13.458591187074306,1105
2025-07-04,1,35.014030335058244,545
2025-07-04,2,27.928300315654315,609
2025-07-04,3,39.932034298363774,634
2025-07-04,4,10.025065520382935,690
2025-07-04,5,7.397948774174878,749
2025-07-04,6,7.61271765238345,802
2025-07-04,7,19.72609438640717,863
2025-07-04,8,5.894565677516199,911
2025-07-04,9,2.5329879190506057,930
2025-07-04,10,26.356356257252845,1011
2025-07-04,11,39.44207309221627,1032
2025-07-04,12,7.667692072848956,1100
2025-07-05,1,8.414577667272559,542
2025-07-05,2,39.316747961138034,618
2025-07-05,3,13.53677856913653,659
2025-07-05,4,11.629888489270495,702
2025-07-05,5,7.028958849438243,762
2025-07-05,6,31.095138570961687,811
2025-07-05,7,3.770619122741841,859
2025-07-05,8,8.516156558742104,908
2025-07-05,9,30.534199048958445,943
2025-07-05,10,6.963323862097299,989
2025-07-05,11,6.171864394194374,1067
2025-07-05,12,12.329981929012353,1111
2025-07-06,1,2.717337246221178,547
2025-07-06,2,16.149375980900615,586
2025-07-06,3,9.012210970070635,662
2025-07-06,4,3.7464901055478332,716
2025-07-06,5,11.919666071019316,759
2025-07-06,6,13.006645103591557,783
2025-07-06,7,9.862399972363528,868
2025-07-06,8,9.60088919853852,903
2025-07-06,9,12.126267966281706,954
2025-07-06,10,41.45850010748319,1008
2025-07-06,11,34.587160730128716,1057
2025-07-06,12,15.139122599430824,1117
2025-07-07,1,10.624608240470568,563
2025-07-07,2,23.98485082266775,598
2025-07-07,3,26.277148485094138,656
2025-07-07,4,9.521648118124121,693
2025-07-07,5,19.17005364788144,756
2025-07-07,6,13.179224572756008,814
2025-07-07,7,19.481330647253657,856
2025-07-07,8,4.579699083263608,902
2025-07-07,9,39.65909038771582,961
2025-07-07,10,23.648701743976932,991
2025-07-07,11,18.03891213414931,1037
2025-07-07,12,12.029250118213374,1096
2025-07-08,1,26.885442539935852,547
2025-07-08,2,3.2697777867975963,618
2025-07-08,3,21.595300757593925,639
2025-07-08,4,7.701212156640489,699
2025-07-08,5,8.916309518094657,769
2025-07-08,6,34.85506829570687,792
2025-07-08,7,42.05438531461308,867
2025-07-08,8,8.694938570740149,886
2025-07-08,9,6.967200388706843,952
2025-07-08,10,29.592704315349792,1014
2025-07-08,11,9.417974740391383,1030
2025-07-08,12,11.113349521413975,1102
2025-07-09,1,35.02155961923243,551
2025-07-09,2,14.635977722516708,611
2025-07-09,3,8.165783817164343,662
2025-07-09,4,9.419307748641382,697
2025-07-09,5,4.905547065290639,750
2025-07-09,6,30.661409658083294,799
2025-07-09,7,1.7209087048523923,831
2025-07-09,8,28.230926871495484,900
2025-07-09,9,5.070106614480229,935
2025-07-09,10,36.25052560842413,980
2025-07-09,11,28.613440847320586,1051
2025-07-09,12,1.8828133601435413,1091
2025-07-10,1,23.329017580993703,556
2025-07-10,2,23.396428021607434,615
2025-07-10,3,16.156933173676684,630
2025-07-10,4,23.737201323897473,680
2025-07-10,5,22.331723906404154,765
2025-07-10,6,10.202072550529243,816
2025-07-10,7,11.422809944412833,840
2025-07-10,8,2.757530754780377,919
2025-07-10,9,23.18856930474232,950
2025-07-10,10,6.353973621915018,1017
2025-07-10,11,30.251188359629854,1032
2025-07-10,12,7.397749459557787,1110
2025-07-11,1,2.9512946123277137,547
2025-07-11,2,23.344520594013833,615
2025-07-11,3,19.275379745374273,652
2025-07-11,4,9.734673071393035,693
2025-07-11,5,4.532501409850355,766
2025-07-11,6,43.24336227719652,783
2025-07-11,7,9.415055640250799,867
2025-07-11,8,13.831840930344715,914
2025-07-11,9,17.48696509753192,964
2025-07-11,10,23.642013028653036,1008
2025-07-11,11,18.530772854451925,1068
2025-07-11,12,24.280244688751615,1108
2025-07-12,1,13.225923686289455,551
2025-07-12,2,13.35811357922227,585
2025-07-12,3,28.071482761261393,634
2025-07-12,4,16.970328555245395,700
2025-07-12,5,19.647678602476454,761
2025-07-12,6,10.128797814249605,785
2025-07-12,7,22.703481242473035,840
2025-07-12,8,20.0644758899557,919
2025-07-12,9,8.116342041106607,965
2025-07-12,10,9.078850183030934,985
2025-07-12,11,3.966754410552607,1058
2025-07-12,12,7.6733048150651095,1097
2025-07-13,1,18.887933987482334,554
2025-07-13,2,18.824938940992297,596
2025-07-13,3,21.302224929731768,640
2025-07-13,4,14.279376898855444,689
2025-07-13,5,16.353289328002305,745
2025-07-13,6,9.5841665605602,799
2025-07-13,7,23.50339564818974,861
2025-07-13,8,7.384439814630969,906
2025-07-13,9,8.417339428969907,947
2025-07-13,10,26.741323960865106,1017
2025-07-13,11,5.294795690979259,1046
2025-07-13,12,7.614192049923003,1105
2025-07-14,1,1.8131882464786466,555
2025-07-14,2,32.31896037960415,581
2025-07-14,3,7.358789315243901,636
2025-07-14,4,5.389383223977879,713
2025-07-14,5,3.5550012097324895,751
2025-07-14,6,19.60190579808062,806
2025-07-14,7,18.479047658911497,865
2025-07-14,8,4.045450464649399,888
2025-07-14,9,10.610835319746203,935
2025-07-14,10,49.786997949983814,986
2025-07-14,11,32.02963969769252,1030
2025-07-14,12,23.133208771016488,1104
2025-07-15,1,2.683678051747684,562
2025-07-15,2,27.197938830594385,613
2025-07-15,3,39.674490058866404,644
2025-07-15,4,10.401195027924974,693
2025-07-15,5,27.587268927853394,750
2025-07-15,6,20.61422195839605,784
2025-07-15,7,1.148204905110164,831
2025-07-15,8,21.338692892345932,908
2025-07-15,9,16.356944039517888,965
2025-07-15,10,15.720703268260099,1012
2025-07-15,11,5.501485020064537,1062
2025-07-15,12,9.619063205913067,1085
2025-07-16,1,34.44120653767086,531
2025-07-16,2,1.416925344670666,608
2025-07-16,3,15.938847328090823,669
2025-07-16,4,7.8898453764124845,699
2025-07-16,5,22.68084578273686,768
2025-07-16,6,15.00798700887428,810
2025-07-16,7,16.068628169444505,840
2025-07-16,8,21.540473715733864,908
2025-07-16,9,22.043298717179418,939
2025-07-16,10,21.31177015074496,1014
2025-07-16,11,9.764286714763589,1035
2025-07-16,12,8.57189228106648,1090
2025-07-17,1,27.60811933560931,566
2025-07-17,2,8.969840795807166,606
2025-07-17,3,44.464797686155194,632
2025-07-17,4,27.399518990395286,696
2025-07-17,5,1.1683779236542602,753
2025-07-17,6,35.136224896660615,812
2025-07-17,7,19.896521745124694,861
2025-07-17,8,5.88679949930999,903
2025-07-17,9,12.61971251311762,968
2025-07-17,10,8.386455101594086,1005
2025-07-17,11,4.40303658346291,1030
2025-07-17,12,8.034889687126201,1113
2025-07-18,1,22.322650110080712,556
2025-07-18,2,40.54614554067244,618
2025-07-18,3,16.563879104479938,654
2025-07-18,4,15.250446792467688,709
2025-07-18,5,12.845684632404268,768
2025-07-18,6,20.78943426191131,792
2025-07-18,7,18.201435154542295,846
2025-07-18,8,18.411809718170527,906
2025-07-18,9,7.2017381301131564,953
2025-07-18,10,22.532396363983473,986
2025-07-18,11,3.0185012712631836,1044
2025-07-18,12,2.703595294422739,1084
2025-07-19,1,5.208294358625236,551
2025-07-19,2,31.253687164065003,589
2025-07-19,3,8.078472390453936,653
2025-07-19,4,5.158091860300652,706
2025-07-19,5,20.495698060973783,739
2025-07-19,6,8.286012046120224,796
2025-07-19,7,50.41690682436617,846
2025-07-19,8,8.693068961052306,905
2025-07-19,9,11.627233351227435,956
2025-07-19,10,13.645040169891402,1000
2025-07-19,11,18.211416053759876,1047
2025-07-19,12,7.128381602877478,1103
2025-07-20,1,4.723582179497069,533
2025-07-20,2,6.417233504235208,581
2025-07-20,3,10.084706227392914,637
2025-07-20,4,24.642484722488046,699
2025-07-20,5,20.240768316352405,768
2025-07-20,6,11.525244795948748,815
2025-07-20,7,11.432513408467834,838
2025-07-20,8,5.919832831717396,902
2025-07-20,9,13.750251292722284,968
2025-07-20,10,31.98555618560897,997
2025-07-20,11,21.346661093017193,1030
2025-07-20,12,9.899252973162787,1092
2025-07-21,1,2.779262983221967,541
2025-07-21,2,28.450288698190953,617
2025-07-21,3,35.78924502307084,642
2025-07-21,4,8.057850969109888,697
2025-07-21,5,10.111546065821548,736
2025-07-21,6,41.49393557809114,786
2025-07-21,7,20.76466371402195,845
2025-07-21,8,10.25259882731392,896
2025-07-21,9,15.28518778308508,948
2025-07-21,10,8.934764561332866,1014
2025-07-21,11,18.59079962835125,1049
2025-07-21,12,12.059303283577592,1116
2025-07-22,1,10.263706406061544,547
2025-07-22,2,7.666967511588837,605
2025-07-22,3,27.714878681692728,651
2025-07-22,4,1.3432244036261753,687
2025-07-22,5,2.5340802063900147,737
2025-07-22,6,8.802883828818427,806
2025-07-22,7,24.996374115449353,854
2025-07-22,8,13.063068988335452,910
2025-07-22,9,36.9956420732935,944
2025-07-22,10,17.809034417358223,992
2025-07-22,11,39.62843335165454,1054
2025-07-22,12,14.467664386317367,1119
2025-07-23,1,27.73250105100133,543
2025-07-23,2,19.40360073348257,609
2025-07-23,3,35.41737157236441,643
2025-07-23,4,3.5628467294953126,680
2025-07-23,5,12.139198950848868,765
2025-07-23,6,16.424472431940828,811
2025-07-23,7,50.86248352040024,839
2025-07-23,8,8.674855448325436,884
2025-07-23,9,4.505692721994699,930
2025-07-23,10,3.54049226345567,1010
2025-07-23,11,8.099810050360567,1053
2025-07-23,12,18.989432575350314,1093
2025-07-24,1,17.30820735356608,538
2025-07-24,2,4.108512775105763,584
2025-07-24,3,18.966843583646078,635
2025-07-24,4,8.728942575593452,702
2025-07-24,5,10.703661246388528,768
2025-07-24,6,19.87227643327291,803
2025-07-24,7,20.09649513477248,834
2025-07-24,8,12.8966196320727,918
2025-07-24,9,17.936980928008186,956
2025-07-24,10,18.934272602659156,1008
2025-07-24,11,17.925782842411433,1041
2025-07-24,12,25.659837823607543,1118
2025-07-25,1,1.1408090843881362,547
2025-07-25,2,30.233323653258193,607
2025-07-25,3,36.72670945291486,640
2025-07-25,4,12.911875580154447,694
2025-07-25,5,7.175276212575642,735
2025-07-25,6,19.366715152712644,791
2025-07-25,7,32.6550362841891,865
2025-07-25,8,28.95474886052327,914
2025-07-25,9,2.594884816072535,944
2025-07-25,10,9.290774890334792,992
2025-07-25,11,10.884276907814158,1046
2025-07-25,12,7.73238678803654,1098
2025-07-26,1,13.33210968823953,552
2025-07-26,2,12.853190365343606,589
2025-07-26,3,15.955696846446926,661
2025-07-26,4,10.182191425331327,705
2025-07-26,5,10.594759455130927,764
2025-07-26,6,6.3234596040416795,799
2025-07-26,7,23.750166658908064,836
2025-07-26,8,12.922545830246321,901
2025-07-26,9,20.981639363740204,939
2025-07-26,10,24.00687480174645,1005
2025-07-26,11,8.211870961274492,1041
2025-07-26,12,6.5422984426707735,1119
2025-07-27,1,3.8923414954071234,541
2025-07-27,2,24.507662372756204,594
2025-07-27,3,25.627055376930368,634
2025-07-27,4,21.040515678355927,713
2025-07-27,5,22.74163399057201,733
2025-07-27,6,12.348990692447565,783
2025-07-27,7,9.659730191616696,869
2025-07-27,8,13.663258201906718,899
2025-07-27,9,7.340598912472752,949
2025-07-27,10,13.620271263822792,1013
2025-07-27,11,7.6828066710934575,1034
2025-07-27,12,7.208654845537509,1106
2025-07-28,1,7.736732867730431,552
2025-07-28,2,0.8787283764903898,604
2025-07-28,3,14.286471426054213,647
2025-07-28,4,17.43013729294692,708
2025-07-28,5,21.89926226950956,767
2025-07-28,6,25.529324420503105,807
2025-07-28,7,24.95961324005944,839
2025-07-28,8,34.77107014762883,916
2025-07-28,9,16.228820365706664,958
2025-07-28,10,8.967565833556774,986
2025-07-28,11,11.96029130994909,1054
2025-07-28,12,7.424863324861937,1092
2025-07-29,1,10.023380687375019,550
2025-07-29,2,14.488715168453641,616
2025-07-29,3,12.127791397671853,644
2025-07-29,4,15.880342695522994,709
2025-07-29,5,19.605010863743345,755
2025-07-29,6,13.421110315037085,815
2025-07-29,7,8.682488122585857,831
2025-07-29,8,6.2857649969253515,888
2025-07-29,9,32.43061596291291,958
2025-07-29,10,49.81116080740992,995
2025-07-29,11,4.092925172337253,1056
2025-07-29,12,3.332880503232866,1097
2025-07-30,1,9.215348648783662,559
2025-07-30,2,14.981095722442168,587
2025-07-30,3,1.9940825470849888,642
2025-07-30,4,13.960763522370732,719
2025-07-30,5,38.048267677734124,753
2025-07-30,6,27.584536109046354,801
2025-07-30,7,38.148602919136856,850
2025-07-30,8,2.171664033864114,911
2025-07-30,9,18.215699829921718,961
2025-07-30,10,14.120984077193539,1003
2025-07-30,11,0.8300383901221007,1050
2025-07-30,12,14.410346910596921,1108
2025-07-31,1,4.0245818768600765,564
2025-07-31,2,13.142111209991864,613
2025-07-31,3,31.52558728192512,669
2025-07-31,4,29.685617046744063,704
2025-07-31,5,16.33850282143808,743
2025-07-31,6,6.4078475792339145,816
2025-07-31,7,17.52823602326714,838
2025-07-31,8,10.898320153566898,893
2025-07-31,9,6.482019860275671,963
2025-07-31,10,3.3106424585674556,1001
2025-07-31,11,34.690836652501424,1045
2025-07-31,12,9.4220577280454,1101
2025-08-01,1,10.539743840864814,546
2025-08-01,2,32.0249262647721,587
2025-08-01,3,3.6584101604249093,636
2025-08-01,4,21.896141593253123,689
2025-08-01,5,18.585675188324828,748
2025-08-01,6,23.559069801865476,781
2025-08-01,7,33.75789248834361,857
2025-08-01,8,20.916249418349974,897
2025-08-01,9,3.925007673262448,936
2025-08-01,10,14.279251965546878,998
2025-08-01,11,5.463397208793953,1034
2025-08-01,12,6.004568134647567,1094
2025-08-02,1,16.40911175530891,535
2025-08-02,2,12.870515387849963,584
2025-08-02,3,4.241555182948785,639
2025-08-02,4,11.402994834196146,681
2025-08-02,5,12.934246633220612,764
2025-08-02,6,9.4503874294581,807
2025-08-02,7,3.1326565829544046,866
2025-08-02,8,7.833175075805709,918
2025-08-02,9,20.726063613559063,961
2025-08-02,10,5.426686278882684,995
2025-08-02,11,16.313234537278472,1045
2025-08-02,12,28.977280097925203,1099
2025-08-03,1,15.472511550639606,530
2025-08-03,2,4.126274446246592,587
2025-08-03,3,15.693732729606793,661
2025-08-03,4,37.71829700758653,704
2025-08-03,5,22.97335559485738,750
2025-08-03,6,10.048357074509605,799
2025-08-03,7,15.219574653473087,855
2025-08-03,8,5.364276756054913,908
2025-08-03,9,14.348989437671108,946
2025-08-03,10,3.5753416536001437,990
2025-08-03,11,9.018110736878175,1041
2025-08-03,12,4.336453698784969,1119
2025-08-04,1,20.11155422255955,557
2025-08-04,2,29.005662641969742,597
2025-08-04,3,15.92138647752128,643
2025-08-04,4,4.144461695411242,709
2025-08-04,5,29.962526630289876,743
2025-08-04,6,17.44430574799409,788
2025-08-04,7,13.2647004050951,855
2025-08-04,8,7.415056721003318,902
2025-08-04,9,5.433088717903167,964
2025-08-04,10,48.41469109287443,998
2025-08-04,11,2.608167207027594,1052
2025-08-04,12,2.0521500156359185,1092
2025-08-05,1,6.579424185832437,549
2025-08-05,2,17.205250209253414,614
2025-08-05,3,23.36647806606682,637
2025-08-05,4,9.886353300153736,716
2025-08-05,5,17.932932140810905,758
2025-08-05,6,7.205871902397381,810
2025-08-05,7,23.56866222250468,859
2025-08-05,8,23.78577933995437,883
2025-08-05,9,42.5228907086383,953
2025-08-05,10,1.7836848391447107,1010
2025-08-05,11,16.692673343774132,1057
2025-08-05,12,9.129584955446798,1104
2025-08-06,1,1.5062270785898926,538
2025-08-06,2,34.3484195975475,583
2025-08-06,3,5.7262493240711025,630
2025-08-06,4,4.916295438177932,718
2025-08-06,5,25.028393775494052,753
2025-08-06,6,16.059628636906144,788
2025-08-06,7,11.829036603914142,850
2025-08-06,8,8.532862299758253,881
2025-08-06,9,16.583002258722665,947
2025-08-06,10,10.219680138511631,989
2025-08-06,11,16.521112526564274,1050
2025-08-06,12,27.762058438180684,1101
2025-08-07,1,34.90166170752101,569
2025-08-07,2,21.415205522745406,611
2025-08-07,3,16.430567112999988,639
2025-08-07,4,3.4574549665225836,704
2025-08-07,5,28.01311582057097,755
2025-08-07,6,12.605287760516775,805
2025-08-07,7,6.244536272332624,843
2025-08-07,8,11.674337309754334,898
2025-08-07,9,7.8579792491872125,967
2025-08-07,10,11.65005725550343,1014
2025-08-07,11,37.52306316475716,1045
2025-08-07,12,5.648561703967016,1094
2025-08-08,1,16.97469919857164,552
2025-08-08,2,18.577251310289082,596
2025-08-08,3,4.324362393796168,631
2025-08-08,4,25.43584600727266,702
2025-08-08,5,21.39453457281506,735
2025-08-08,6,0.29209051773154276,791
2025-08-08,7,30.538852703733433,856
2025-08-08,8,7.927931524733584,886
2025-08-08,9,3.7354279731051285,966
2025-08-08,10,11.928026719377677,996
2025-08-08,11,34.5736551157188,1043
2025-08-08,12,9.125142887057924,1094
2025-08-09,1,1.6472952158203151,543
2025-08-09,2,8.186306996425925,584
2025-08-09,3,8.904235237280473,646
2025-08-09,4,4.2891292532666885,684
2025-08-09,5,11.947282972306267,749
2025-08-09,6,12.18597712746104,782
2025-08-09,7,24.062806392767314,845
2025-08-09,8,24.175242723103263,913
2025-08-09,9,24.812525376291294,949
2025-08-09,10,12.752130450685177,983
2025-08-09,11,12.179401138916441,1047
2025-08-09,12,8.35956852512044,1102
2025-08-10,1,17.564729990775103,547
2025-08-10,2,18.938543305537024,603
2025-08-10,3,12.636953054681547,666
2025-08-10,4,21.6715809547712,707
2025-08-10,5,12.793828015430037,745
2025-08-10,6,21.483165616245294,804
2025-08-10,7,16.384917242217536,831
2025-08-10,8,18.683865902926154,900
2025-08-10,9,2.306495645033712,956
2025-08-10,10,1.0218267660234492,1013
2025-08-10,11,16.817219311438738,1045
2025-08-10,12,0.9728747299372621,1118
2025-08-11,1,5.23149729224966,549
2025-08-11,2,20.88738995158725,607
2025-08-11,3,5.275235791633381,661
2025-08-11,4,18.16633892092253,705
2025-08-11,5,28.65070087005141,732
2025-08-11,6,2.1620272073836198,789
2025-08-11,7,14.096454071857691,867
2025-08-11,8,5.542054421148247,911
2025-08-11,9,3.5806007285502943,946
2025-08-11,10,11.679382206539747,997
2025-08-11,11,29.89624621040116,1040
2025-08-11,12,28.350617361410176,1092
2025-08-12,1,9.83337835984256,550
2025-08-12,2,11.857730027549634,589
2025-08-12,3,27.722116502209854,637
2025-08-12,4,19.845610954337364,711
2025-08-12,5,7.388256105620185,745
2025-08-12,6,24.249055908156286,812
2025-08-12,7,22.907645398463863,854
2025-08-12,8,0.2222851544858029,917
2025-08-12,9,25.426169228786602,932
2025-08-12,10,8.345491760172578,997
2025-08-12,11,18.521527115947546,1045
2025-08-12,12,14.73052817840777,1093
2025-08-13,1,3.4899480336798847,550
2025-08-13,2,12.352015010436254,590
2025-08-13,3,13.980510319008813,640
2025-08-13,4,5.319656955100285,711
2025-08-13,5,7.184984175997416,761
2025-08-13,6,34.67686394885581,819
2025-08-13,7,18.381467459587235,863
2025-08-13,8,5.875950874712002,880
2025-08-13,9,14.149995657860815,936
2025-08-13,10,10.155378282017823,1004
2025-08-13,11,38.46810655294975,1064
2025-08-13,12,25.649079313202932,1117
2025-08-14,1,10.862959604155062,567
2025-08-14,2,17.685319551554542,591
2025-08-14,3,31.567050786733528,647
2025-08-14,4,2.572444247025487,681
2025-08-14,5,40.20467423436316,737
2025-08-14,6,9.269299143911981,818
2025-08-14,7,6.354025886647067,860
2025-08-14,8,5.04996017656801,914
2025-08-14,9,7.309731729559401,931
2025-08-14,10,4.904685034583778,1002
2025-08-14,11,19.4008081696472,1034
2025-08-14,12,26.6454517210964,1119
2025-08-15,1,13.533259464097542,552
2025-08-15,2,16.668048104357,602
2025-08-15,3,16.245777786659662,631
2025-08-15,4,8.811436880491916,716
2025-08-15,5,19.767009713624383,743
2025-08-15,6,34.21616340427714,790
2025-08-15,7,13.07911018159137,838
2025-08-15,8,25.12060230777015,888
2025-08-15,9,1.961619550350173,943
2025-08-15,10,12.128246025047439,1018
2025-08-15,11,6.452401652223,1049
2025-08-15,12,9.924522544657528,1084
2025-08-16,1,17.129287399470417,535
2025-08-16,2,7.483485315745913,595
2025-08-16,3,20.707813656955082,645
2025-08-16,4,15.215542590159329,684
2025-08-16,5,4.4123567708910345,764
2025-08-16,6,14.480183773511722,810
2025-08-16,7,6.239971772918363,831
2025-08-16,8,19.364634393904765,909
2025-08-16,9,14.634540497802854,930
2025-08-16,10,6.99061725375119,985
2025-08-16,11,11.162509880017685,1062
2025-08-16,12,7.3910537535723,1096
2025-08-17,1,7.128396160191718,568
2025-08-17,2,19.381178161598395,613
2025-08-17,3,37.037361737890464,633
2025-08-17,4,2.581355214298126,696
2025-08-17,5,18.542462437282477,758
2025-08-17,6,11.417119281963142,796
2025-08-17,7,17.810794086937914,841
2025-08-17,8,10.185029222898676,890
2025-08-17,9,8.01844898063677,949
2025-08-17,10,4.396507772451231,984
2025-08-17,11,16.757888814100603,1063
2025-08-17,12,11.067577882390523,1085
2025-08-18,1,18.57184451385469,540
2025-08-18,2,12.298523181524718,606
2025-08-18,3,12.865590929938794,646
2025-08-18,4,7.7057176029031105,685
2025-08-18,5,14.93434654442625,747
2025-08-18,6,50.5421936429718,804
2025-08-18,7,16.005749910377737,839
2025-08-18,8,23.399065881352143,915
2025-08-18,9,11.871585591728545,930
2025-08-18,10,3.9261126943908695,995
2025-08-18,11,6.1004695942396,1068
2025-08-18,12,10.098881396621936,1081
2025-08-19,1,27.97456745501163,569
2025-08-19,2,25.60896286670795,616
2025-08-19,3,20.96291040983374,634
2025-08-19,4,6.58089976648768,712
2025-08-19,5,10.48890463774243,753
2025-08-19,6,6.248244098601131,807
2025-08-19,7,31.690391614230588,845
2025-08-19,8,14.158286370348689,914
2025-08-19,9,4.2587511929029676,957
2025-08-19,10,16.856460654139813,980
2025-08-19,11,14.606651863628489,1051
2025-08-19,12,9.184107247053333,1083
2025-08-20,1,9.257090184941609,544
2025-08-20,2,16.710136659647183,586
2025-08-20,3,22.611432079465636,649
2025-08-20,4,17.841274514309884,698
2025-08-20,5,13.650837307793996,767
2025-08-20,6,6.898009633717683,789
2025-08-20,7,13.76164081965314,859
2025-08-20,8,19.937161748760868,904
2025-08-20,9,4.104119588913602,962
2025-08-20,10,19.74550195459666,1016
2025-08-20,11,5.864890341219171,1067
2025-08-20,12,24.55654363120343,1116
2025-08-21,1,14.78403281592787,569
2025-08-21,2,23.5342321851438,591
2025-08-21,3,14.464814462396392,654
2025-08-21,4,10.565490104035963,707
2025-08-21,5,54.27937303521394,765
2025-08-21,6,14.698036103268844,790
2025-08-21,7,4.080856728293526,847
2025-08-21,8,3.3023310862343753,883
2025-08-21,9,7.996174039070885,935
2025-08-21,10,3.685857776728033,986
2025-08-21,11,13.926209815192399,1044
2025-08-21,12,11.214127376040036,1088
2025-08-22,1,3.537315274715994,534
2025-08-22,2,9.489418693529226,580
2025-08-22,3,28.281483783561985,644
2025-08-22,4,12.68444063144301,683
2025-08-22,5,4.704688126951948,744
2025-08-22,6,29.088486481043464,803
2025-08-22,7,14.958340102447288,867
2025-08-22,8,22.288624468864743,895
2025-08-22,9,7.863971498129472,941
2025-08-22,10,10.018483136231673,986
2025-08-22,11,32.465433054228335,1033
2025-08-22,12,3.0640175776621086,1116
2025-08-23,1,7.613369663510978,553
2025-08-23,2,3.9910832083771317,597
2025-08-23,3,18.75412647123905,664
2025-08-23,4,30.286610985611205,706
2025-08-23,5,9.839142232102073,768
2025-08-23,6,16.12601669984662,811
2025-08-23,7,3.1980199981794066,838
2025-08-23,8,17.599390247787206,880
2025-08-23,9,9.170695765068736,963
2025-08-23,10,10.514797019218967,1006
2025-08-23,11,7.917431677214318,1043
2025-08-23,12,6.364230550398955,1102
2025-08-24,1,4.041454482685333,543
2025-08-24,2,6.047980002780804,613
2025-08-24,3,35.59344828682665,635
2025-08-24,4,16.77998867831669,693
2025-08-24,5,4.8610565895832805,742
2025-08-24,6,4.775845303439728,808
2025-08-24,7,10.77115556979937,863
2025-08-24,8,9.082395095916715,889
2025-08-24,9,15.530358275956102,932
2025-08-24,10,12.3004949356537,998
2025-08-24,11,9.621871354406917,1055
2025-08-24,12,18.887346531702228,1092
2025-08-25,1,6.86466741241626,558
2025-08-25,2,42.872413910925054,610
2025-08-25,3,14.700064133357031,648
2025-08-25,4,3.6410559334962445,682
2025-08-25,5,7.577284411321423,764
2025-08-25,6,9.59866610130952,808
2025-08-25,7,18.629381826110762,832
2025-08-25,8,5.9441988710243265,907
2025-08-25,9,14.836633918951419,961
2025-08-25,10,23.777298195871076,992
2025-08-25,11,20.49634919894651,1031
2025-08-25,12,20.13577822489981,1090
2025-08-26,1,7.362513065919717,531
2025-08-26,2,18.462983696602173,614
2025-08-26,3,38.6896039170128,648
2025-08-26,4,7.682087459074485,680
2025-08-26,5,7.3755535750297785,767
2025-08-26,6,22.747784838938284,780
2025-08-26,7,16.523190238393273,832
2025-08-26,8,5.433028426974234,882
2025-08-26,9,8.121476029586963,959
2025-08-26,10,12.547804542306057,985
2025-08-26,11,18.12809206458925,1067
2025-08-26,12,18.269622299118737,1085
2025-08-27,1,11.33359434607168,561
2025-08-27,2,22.290577722400563,581
2025-08-27,3,4.839931803000648,669
2025-08-27,4,26.02315172325946,703
2025-08-27,5,19.26383164697322,748
2025-08-27,6,11.80357910505037,781
2025-08-27,7,7.146094670884537,846
2025-08-27,8,18.70510035912132,908
2025-08-27,9,7.58777280381886,961
2025-08-27,10,13.057624388056828,989
2025-08-27,11,14.194898103906246,1054
2025-08-27,12,7.118264304185104,1118
2025-08-28,1,4.216738970360626,542
2025-08-28,2,3.177018111320254,597
2025-08-28,3,5.701542924297908,668
2025-08-28,4,20.911507775162374,714
2025-08-28,5,7.157598731278738,743
2025-08-28,6,8.752336049194708,793
2025-08-28,7,8.716859525918046,837
2025-08-28,8,10.263057596588263,881
2025-08-28,9,9.644035124759082,946
2025-08-28,10,37.91421017341573,988
2025-08-28,11,28.81257963378339,1056
2025-08-28,12,28.317214192003107,1101
2025-08-29,1,14.903224331061145,541
2025-08-29,2,15.844486443413277,582
2025-08-29,3,20.895548836823515,652
2025-08-29,4,0.9740636111532718,690
2025-08-29,5,10.861587559358552,743
2025-08-29,6,4.373443286512295,785
2025-08-29,7,23.089804354273166,839
2025-08-29,8,15.73740394374187,899
2025-08-29,9,15.87696625114296,931
2025-08-29,10,16.821747413503992,983
2025-08-29,11,42.59480392706202,1066
2025-08-29,12,6.619229860648308,1105
2025-08-30,1,20.01676260083313,541
2025-08-30,2,20.152863235730624,596
2025-08-30,3,10.177516285908869,667
2025-08-30,4,14.260564130725172,703
2025-08-30,5,9.991417352520235,751
2025-08-30,6,19.267004825861378,781
2025-08-30,7,12.695186489211231,830
2025-08-30,8,2.421933017527511,906
2025-08-30,9,3.366584731329714,959
2025-08-30,10,8.07022322326471,1006
2025-08-30,11,13.032059775332643,1060
2025-08-30,12,17.01275317366218,1111
2025-08-31,1,8.402448836629764,548
2025-08-31,2,9.53765517105675,617
2025-08-31,3,14.759020472300296,660
2025-08-31,4,5.246964420373615,689
2025-08-31,5,6.983832692894211,748
2025-08-31,6,8.76630764592034,802
2025-08-31,7,9.981946670926256,856
2025-08-31,8,19.12947235479703,917
2025-08-31,9,5.518061937536009,938
2025-08-31,10,9.330867920735795,989
2025-08-31,11,47.7928182236716,1037
2025-08-31,12,9.562876223594754,1089
2025-09-01,1,5.272282617298219,567
2025-09-01,2,8.081423281192711,601
2025-09-01,3,17.666155207950805,664
2025-09-01,4,3.5842014411854635,699
2025-09-01,5,13.443809470886713,749
2025-09-01,6,7.3006513966641435,818
2025-09-01,7,10.384132052622158,859
2025-09-01,8,17.201000274293733,881
2025-09-01,9,1.3331280931015816,932
2025-09-01,10,34.23403080192642,987
2025-09-01,11,34.20499569877468,1050
2025-09-01,12,24.28197685535995,1084
2025-09-02,1,18.038976287304134,536
2025-09-02,2,6.17868139150443,594
2025-09-02,3,23.482375795330583,667
2025-09-02,4,12.650897749348946,712
2025-09-02,5,40.65810328401651,731
2025-09-02,6,16.90507704301357,804
2025-09-02,7,23.623930273934693,868
2025-09-02,8,11.867230177450438,883
2025-09-02,9,4.527708020733747,956
2025-09-02,10,7.091024493288286,1005
2025-09-02,11,5.489897909372674,1054
2025-09-02,12,4.400121659463505,1089
2025-09-03,1,8.19301668084544,562
2025-09-03,2,12.456401350814126,618
2025-09-03,3,9.530576230583774,651
2025-09-03,4,15.07624726521648,706
2025-09-03,5,10.202847628708344,732
2025-09-03,6,13.430285584466453,782
2025-09-03,7,5.146207829762665,839
2025-09-03,8,9.288957880144851,917
2025-09-03,9,9.447313895929472,934
2025-09-03,10,7.732440750790543,1015
2025-09-03,11,38.0762062755296,1066
2025-09-03,12,26.681229555914317,1108
2025-09-04,1,0.9027579119956114,545
2025-09-04,2,13.148793301445043,581
2025-09-04,3,8.10380450363003,639
2025-09-04,4,7.472650617850438,693
2025-09-04,5,5.043955125290154,762
2025-09-04,6,27.239218737701332,819
2025-09-04,7,25.971863724302526,847
2025-09-04,8,11.34585529529751,881
2025-09-04,9,4.426780713858815,947
2025-09-04,10,19.282182091281424,988
2025-09-04,11,17.581210226471782,1043
2025-09-04,12,36.02443663044693,1092
2025-09-05,1,10.436493843346739,554
2025-09-05,2,16.92980079088914,583
2025-09-05,3,20.24710928095174,654
2025-09-05,4,9.590401419401054,704
2025-09-05,5,9.740856309793303,732
2025-09-05,6,45.903484283373864,793
2025-09-05,7,28.829410965496294,851
2025-09-05,8,6.770909613360127,915
2025-09-05,9,11.885068689578718,943
2025-09-05,10,7.585462915158673,1015
2025-09-05,11,13.141264601532928,1056
2025-09-05,12,3.0584946325255373,1082
2025-09-06,1,15.31522048047411,560
2025-09-06,2,33.124049612256826,586
2025-09-06,3,28.39582224501849,633
2025-09-06,4,0.026348263877953075,714
2025-09-06,5,20.573617452221413,738
2025-09-06,6,4.263364188470636,798
2025-09-06,7,5.767750912393681,832
2025-09-06,8,3.144431957884058,886
2025-09-06,9,11.229868094356886,941
2025-09-06,10,11.950860186141691,989
2025-09-06,11,19.63957823137838,1047
2025-09-06,12,6.371853783181064,1083
2025-09-07,1,5.667851088412249,533
2025-09-07,2,21.059439653173094,615
2025-09-07,3,26.423612170465788,657
2025-09-07,4,11.991157908230642,715
2025-09-07,5,22.64903830676068,760
2025-09-07,6,4.720147448788443,791
2025-09-07,7,22.80470148153096,858
2025-09-07,8,5.89320461855691,898
2025-09-07,9,7.082132471454347,969
2025-09-07,10,4.428281119141188,995
2025-09-07,11,15.1310685917292,1030
2025-09-07,12,8.080082667835942,1091
2025-09-08,1,9.090203898657014,534
2025-09-08,2,5.726610175595672,611
2025-09-08,3,28.994243514146987,641
2025-09-08,4,8.823349434480157,711
2025-09-08,5,11.134929688339048,746
2025-09-08,6,23.7621980705782,806
2025-09-08,7,17.74815425802578,867
2025-09-08,8,12.398170643325903,914
2025-09-08,9,4.643395331258893,935
2025-09-08,10,6.516833589330786,992
2025-09-08,11,5.241335313254374,1062
2025-09-08,12,35.61976609539336,1094
2025-09-09,1,7.097521266478173,532
2025-09-09,2,11.658632557916182,613
2025-09-09,3,26.04774226467199,665
2025-09-09,4,20.670842009581676,708
2025-09-09,5,15.33548925459832,743
2025-09-09,6,11.44874904150801,806
2025-09-09,7,11.717779535784794,833
2025-09-09,8,11.089901376441338,915
2025-09-09,9,17.531176989116233,938
2025-09-09,10,10.215379133347867,1011
2025-09-09,11,18.373970701116328,1053
2025-09-09,12,7.1609600660287756,1109
2025-09-10,1,6.2809043521338825,549
2025-09-10,2,10.348326384222236,584
2025-09-10,3,2.552140518546142,667
2025-09-10,4,7.316129991488534,705
2025-09-10,5,26.726241232995964,751
2025-09-10,6,42.136100886907045,790
2025-09-10,7,35.755179209847235,845
2025-09-10,8,10.365062092912378,890
2025-09-10,9,12.826226231876664,939
2025-09-10,10,18.847139004503763,1006
2025-09-10,11,6.640981350933417,1053
2025-09-10,12,5.783724015682803,1098
2025-09-11,1,9.996520494303393,541
2025-09-11,2,16.89420073223231,595
2025-09-11,3,7.678673920068282,633
2025-09-11,4,13.07974843104459,706
2025-09-11,5,2.825559836813201,731
2025-09-11,6,18.7643084457766,794
2025-09-11,7,23.56012565214832,868
2025-09-11,8,10.423530487771279,896
2025-09-11,9,5.959171798934639,945
2025-09-11,10,32.673202445708576,1010
2025-09-11,11,7.638480163597108,1031
2025-09-11,12,23.74042564776386,1108
2025-09-12,1,14.33327849358592,556
2025-09-12,2,35.054325338319224,615
2025-09-12,3,43.33875429835836,668
2025-09-12,4,6.053693697601047,699
2025-09-12,5,14.401007897801678,749
2025-09-12,6,19.738192744000497,806
2025-09-12,7,1.5497503602785656,857
2025-09-12,8,7.845141234534897,888
2025-09-12,9,0.9233886709823721,948
2025-09-12,10,16.32042220251027,995
2025-09-12,11,9.649690626983567,1031
2025-09-12,12,13.670466521530454,1086
2025-09-13,1,15.228814688825725,550
2025-09-13,2,3.941608646849841,600
2025-09-13,3,29.046432093648114,640
2025-09-13,4,4.968878588399484,718
2025-09-13,5,5.251633055982006,769
2025-09-13,6,18.64833103320622,796
2025-09-13,7,13.752269294025966,832
2025-09-13,8,6.7349663406828,887
2025-09-13,9,2.1321231261694593,946
2025-09-13,10,24.370897949015685,1012
2025-09-13,11,15.935598080682908,1040
2025-09-13,12,9.822506550691001,1107
2025-09-14,1,7.796478457146361,562
2025-09-14,2,19.49462063984316,583
2025-09-14,3,12.32334563685087,667
2025-09-14,4,17.245588738243622,712
2025-09-14,5,3.5836037549353263,763
2025-09-14,6,2.9309575375793004,811
2025-09-14,7,17.535550280388033,840
2025-09-14,8,6.739092367455651,918
2025-09-14,9,5.16776840091313,949
2025-09-14,10,15.881177216308753,981
2025-09-14,11,20.865931180060556,1062
2025-09-14,12,13.384604578472672,1091
2025-09-15,1,9.11309214760815,538
2025-09-15,2,8.111543246600883,589
2025-09-15,3,20.369254086055136,659
2025-09-15,4,5.593897621134094,687
2025-09-15,5,29.575875149173285,745
2025-09-15,6,9.302929678511784,781
2025-09-15,7,26.731018747740467,834
2025-09-15,8,5.836655254970661,918
2025-09-15,9,13.196103967722424,961
2025-09-15,10,8.209812451045583,1010
2025-09-15,11,10.980983723504693,1053
2025-09-15,12,31.08880922913116,1099
2025-09-16,1,16.157445099567422,547
2025-09-16,2,6.014470462049081,606
2025-09-16,3,41.80181800113473,656
2025-09-16,4,5.0730568719609215,686
2025-09-16,5,9.816698155199648,753
2025-09-16,6,9.35696342759984,813
2025-09-16,7,28.476517322630066,854
2025-09-16,8,1.3831927037805751,910
2025-09-16,9,19.493564688193278,969
2025-09-16,10,18.420889185007994,985
2025-09-16,11,14.189195590996675,1046
2025-09-16,12,14.339314753447393,1097
2025-09-17,1,8.515399672832931,534
2025-09-17,2,5.524521341599308,611
2025-09-17,3,17.983505648374106,658
2025-09-17,4,7.831021266624797,686
2025-09-17,5,31.938421989183944,759
2025-09-17,6,21.55456100603279,785
2025-09-17,7,26.270051599992666,867
2025-09-17,8,10.002668473141362,884
2025-09-17,9,2.938243283973675,937
2025-09-17,10,23.105287053440872,998
2025-09-17,11,16.01200584427113,1059
2025-09-17,12,3.8122097853369326,1101
2025-09-18,1,4.557973899464306,532
2025-09-18,2,41.434913241790326,586
2025-09-18,3,37.90189707345086,655
2025-09-18,4,7.41803671371036,703
2025-09-18,5,10.601677709391659,748
2025-09-18,6,18.073848361755314,789
2025-09-18,7,8.069112530839961,847
2025-09-18,8,8.067356267424692,883
2025-09-18,9,13.45204198020089,941
2025-09-18,10,11.663607046662603,1017
2025-09-18,11,8.847312137124684,1045
2025-09-18,12,8.344988657640313,1089
2025-09-19,1,1.7933575825226296,551
2025-09-19,2,33.24409957717235,603
2025-09-19,3,7.902138442715434,654
2025-09-19,4,12.673491009737825,701
2025-09-19,5,34.42138248199495,757
2025-09-19,6,7.702103781465205,795
2025-09-19,7,3.746656752336961,855
2025-09-19,8,3.229339239458397,892
2025-09-19,9,31.266072438408074,952
2025-09-19,10,7.558914375268055,1002
2025-09-19,11,4.588810581083758,1067
2025-09-19,12,15.393600445418242,1105
2025-09-20,1,7.2296152978703425,541
2025-09-20,2,21.27298891338216,588
2025-09-20,3,26.906772205652842,648
2025-09-20,4,5.760756753537511,685
2025-09-20,5,5.223532155988806,766
2025-09-20,6,20.343767702791645,789
2025-09-20,7,9.624750249568379,831
2025-09-20,8,5.69579502751075,894
2025-09-20,9,6.523290480580775,953
2025-09-20,10,16.674913244752233,981
2025-09-20,11,21.25625337275033,1043
2025-09-20,12,4.911565718406222,1084
2025-09-21,1,16.53349606828402,546
2025-09-21,2,26.003877148164097,619
2025-09-21,3,2.1121397141503775,654
2025-09-21,4,25.103036540834804,704
2025-09-21,5,1.544823462037336,754
2025-09-21,6,5.674961449413252,806
2025-09-21,7,18.41454660092743,859
2025-09-21,8,3.0596709010291874,880
2025-09-21,9,3.158272633049781,936
2025-09-21,10,1.3907049808840937,1009
2025-09-21,11,15.024504319896234,1060
2025-09-21,12,16.64097861186743,1087
2025-09-22,1,14.84873989739587,557
2025-09-22,2,8.752360492365565,609
2025-09-22,3,18.627108570706916,632
2025-09-22,4,20.933322648838264,698
2025-09-22,5,11.409003223921086,745
2025-09-22,6,6.089421926899851,789
2025-09-22,7,22.16270497691347,853
2025-09-22,8,4.495833407043156,891
2025-09-22,9,8.556451057659125,964
2025-09-22,10,30.632429363313154,988
2025-09-22,11,9.936238372246802,1053
2025-09-22,12,4.6674246613345085,1089
2025-09-23,1,2.6942630214980148,567
2025-09-23,2,7.239843496645584,605
2025-09-23,3,24.47567895126617,636
2025-09-23,4,10.992794075059802,704
2025-09-23,5,23.57916131769932,750
2025-09-23,6,20.762414812772327,802
2025-09-23,7,1.0943414972220338,858
2025-09-23,8,19.512393011149175,911
2025-09-23,9,5.287160673580979,960
2025-09-23,10,19.032934627440184,993
2025-09-23,11,5.34471945126487,1054
2025-09-23,12,27.120959729135947,1105
2025-09-24,1,3.1905629469686803,562
2025-09-24,2,24.6729383373107,580
2025-09-24,3,41.395984107949246,651
2025-09-24,4,13.844448007812584,692
2025-09-24,5,7.155749517832067,769
2025-09-24,6,14.53642649559589,805
2025-09-24,7,7.148227492294442,868
2025-09-24,8,31.073874291826108,886
2025-09-24,9,8.909736368345591,953
2025-09-24,10,6.541628577400845,1004
2025-09-24,11,1.1118561658234916,1047
2025-09-24,12,8.476474001584867,1090
2025-09-25,1,1.3551632419445878,545
2025-09-25,2,7.686542981773767,582
2025-09-25,3,28.136076838366364,647
2025-09-25,4,7.053257269847665,690
2025-09-25,5,19.37632104468049,751
2025-09-25,6,9.969082785244582,788
2025-09-25,7,26.39994950679626,842
2025-09-25,8,18.390780088999986,907
2025-09-25,9,21.106631374432727,954
2025-09-25,10,6.4097900550251685,1002
2025-09-25,11,29.311028130992813,1046
2025-09-25,12,10.776196588884938,1110
2025-09-26,1,5.547286143266258,547
2025-09-26,2,5.542806973347128,584
2025-09-26,3,1.3980002745209834,646
2025-09-26,4,2.8839032493625574,711
2025-09-26,5,7.114477842255205,737
2025-09-26,6,17.014250395446684,811
2025-09-26,7,19.133711638722755,861
2025-09-26,8,16.2489410770802,881
2025-09-26,9,13.083542637082385,944
2025-09-26,10,16.810626235485685,995
2025-09-26,11,25.88868135166183,1050
2025-09-26,12,31.611640792392436,1118
2025-09-27,1,35.780938773226524,534
2025-09-27,2,18.118263321060827,590
2025-09-27,3,15.483549730372404,640
2025-09-27,4,9.647657886324689,690
2025-09-27,5,9.139322932989966,737
2025-09-27,6,2.511133492264826,813
2025-09-27,7,6.60123761388316,852
2025-09-27,8,16.950497674988714,894
2025-09-27,9,4.846334841377641,943
2025-09-27,10,10.356627626095479,980
2025-09-27,11,8.743794539517848,1044
2025-09-27,12,7.0226610121052735,1084
2025-09-28,1,10.940127734531119,534
2025-09-28,2,2.7087077876111167,608
2025-09-28,3,17.552374912993614,656
2025-09-28,4,4.115234041882119,688
2025-09-28,5,6.271363813224292,742
2025-09-28,6,37.573767885613634,805
2025-09-28,7,13.081599652044227,862
2025-09-28,8,3.988526363799931,885
2025-09-28,9,28.923993536064643,940
2025-09-28,10,5.975705152074198,1002
2025-09-28,11,10.741094168006098,1069
2025-09-28,12,5.8841030996863735,1094
2025-09-29,1,4.333883042732925,563
2025-09-29,2,8.24880434124648,604
2025-09-29,3,8.301570953342376,666
2025-09-29,4,15.788383983731363,699
2025-09-29,5,6.829715689789393,736
2025-09-29,6,23.755732158853352,784
2025-09-29,7,30.414132427543116,867
2025-09-29,8,19.710181189541753,899
2025-09-29,9,19.464573259751642,954
2025-09-29,10,10.686163090677697,999
2025-09-29,11,19.012472918216638,1047
2025-09-29,12,6.613387411536014,1117
2025-09-30,1,2.909286010630501,538
2025-09-30,2,11.696783047191735,607
2025-09-30,3,22.723202421546684,642
2025-09-30,4,22.02127944955656,686
2025-09-30,5,1.542623065838493,743
2025-09-30,6,9.713403295547227,816
2025-09-30,7,9.50394396941489,851
2025-09-30,8,20.130556167120854,890
2025-09-30,9,5.89910331560221,945
2025-09-30,10,18.974109202153137,1018
2025-09-30,11,40.267403001888354,1034
2025-09-30,12,10.379685075183554,1118
2025-10-01,1,19.47715994758285,569
2025-10-01,2,2.9878588534319865,586
2025-10-01,3,34.17718510040361,653
2025-10-01,4,8.078132329447568,718
2025-10-01,5,20.355364956600408,734
2025-10-01,6,12.780845856259274,809
2025-10-01,7,9.669871954178827,854
2025-10-01,8,8.246696900456788,888
2025-10-01,9,13.92381671125624,967
2025-10-01,10,19.494440383315418,994
2025-10-01,11,19.37972448328353,1059
2025-10-01,12,5.554151972516949,1090
2025-10-02,1,8.41176583605458,551
2025-10-02,2,17.677769575640088,592
2025-10-02,3,26.10039859763511,659
2025-10-02,4,14.648771127954792,718
2025-10-02,5,18.34755359653947,730
2025-10-02,6,11.373937453769132,780
2025-10-02,7,3.6446908859515728,849
2025-10-02,8,22.360024760135815,913
2025-10-02,9,7.634289294835405,953
2025-10-02,10,21.10389396504128,1007
2025-10-02,11,14.098156073628088,1045
2025-10-02,12,3.492093228170304,1095
2025-10-03,1,5.486137571062777,535
2025-10-03,2,13.572806395945644,604
2025-10-03,3,47.3189050939598,645
2025-10-03,4,7.754679612799882,706
2025-10-03,5,16.97945398846172,765
2025-10-03,6,13.735405931764777,786
2025-10-03,7,18.228866660324,856
2025-10-03,8,5.82737706924249,881
2025-10-03,9,24.9201298256513,967
2025-10-03,10,15.881988752383545,991
2025-10-03,11,6.300043096643739,1047
2025-10-03,12,4.122069345132348,1096
2025-10-04,1,4.010954352576278,569
2025-10-04,2,18.05386581740171,591
2025-10-04,3,6.768502424412787,648
2025-10-04,4,6.331817639527272,702
2025-10-04,5,13.792001118725816,737
2025-10-04,6,34.044113747797404,804
2025-10-04,7,16.943117499749736,830
2025-10-04,8,1.114899882695873,894
2025-10-04,9,8.15155417280961,969
2025-10-04,10,18.024224529499744,1011
2025-10-04,11,14.809322686531562,1068
2025-10-04,12,11.175738406987032,1117
2025-10-05,1,28.25024900807207,543
2025-10-05,2,4.7922596538724145,580
2025-10-05,3,11.602596053269368,642
2025-10-05,4,7.000051819958216,715
2025-10-05,5,7.440532939155642,762
2025-10-05,6,8.224265475459058,801
2025-10-05,7,32.19920590874851,835
2025-10-05,8,4.918021402457462,918
2025-10-05,9,14.324926808364541,953
2025-10-05,10,6.607732480898744,998
2025-10-05,11,17.949944108848968,1030
2025-10-05,12,4.118246533553885,1113
2025-10-06,1,11.801818247212465,533
2025-10-06,2,26.783432100095478,588
2025-10-06,3,23.075787112054005,666
2025-10-06,4,9.22339900367225,706
2025-10-06,5,7.0685741955289085,745
2025-10-06,6,3.842251337628738,802
2025-10-06,7,12.2873052778047,848
2025-10-06,8,26.52920745139123,913
2025-10-06,9,25.461537230793354,930
2025-10-06,10,3.576497351353631,981
2025-10-06,11,7.800432582235635,1053
2025-10-06,12,10.608917281531825,1100
2025-10-07,1,14.969950410159283,558
2025-10-07,2,10.366528209734584,587
2025-10-07,3,9.221395966003765,634
2025-10-07,4,0.9477751038745207,716
2025-10-07,5,21.748382719424463,751
2025-10-07,6,32.44229774306425,809
2025-10-07,7,15.825817738272534,838
2025-10-07,8,6.901221760832613,886
2025-10-07,9,35.52068590544353,935
2025-10-07,10,7.674924439556524,1019
2025-10-07,11,9.36562333468222,1034
2025-10-07,12,7.066918006275443,1098
2025-10-08,1,2.3209896080020016,546
2025-10-08,2,6.549720658980798,614
2025-10-08,3,38.93464038527878,636
2025-10-08,4,12.57821253295928,708
2025-10-08,5,3.426567109368557,731
2025-10-08,6,23.584015321804422,789
2025-10-08,7,27.035484880314176,853
2025-10-08,8,5.465636743823038,884
2025-10-08,9,2.784211925769013,942
2025-10-08,10,22.717796196734884,1016
2025-10-08,11,38.97331988228086,1030
2025-10-08,12,4.526707158847269,1090
2025-10-09,1,13.280956309993112,544
2025-10-09,2,14.111736030912281,613
2025-10-09,3,38.022769100540025,649
2025-10-09,4,16.59056833204123,704
2025-10-09,5,7.665745399493486,750
2025-10-09,6,8.595233933497665,803
2025-10-09,7,31.800568492688004,837
2025-10-09,8,4.716437473651564,892
2025-10-09,9,4.36371205192753,937
2025-10-09,10,14.64173573647151,981
2025-10-09,11,29.472702906909543,1059
2025-10-09,12,2.2695516725101625,1114
2025-10-10,1,21.61809214207899,534
2025-10-10,2,18.613586378612027,611
2025-10-10,3,6.452749176833326,663
2025-10-10,4,2.0602669007632266,686
2025-10-10,5,29.824355206701266,755
2025-10-10,6,13.114896023760116,811
2025-10-10,7,4.544579111465661,848
2025-10-10,8,5.494135834654244,895
2025-10-10,9,28.28440606013662,935
2025-10-10,10,18.539964404660445,993
2025-10-10,11,9.987761042646607,1039
2025-10-10,12,6.441049160976053,1102
2025-10-11,1,19.15130041446558,533
2025-10-11,2,13.586260433824137,613
2025-10-11,3,18.446583206905768,648
2025-10-11,4,11.831425542355133,717
2025-10-11,5,11.417890079814235,742
2025-10-11,6,23.610247826479203,793
2025-10-11,7,6.010308301616256,861
2025-10-11,8,5.47747615944918,880
2025-10-11,9,4.995201719451874,957
2025-10-11,10,12.672743092605423,1015
2025-10-11,11,19.674133759471122,1049
2025-10-11,12,4.165549375424929,1093
2025-10-12,1,7.96891261604001,558
2025-10-12,2,3.6513512909273924,589
2025-10-12,3,23.00030751716444,642
2025-10-12,4,4.841565922069879,710
2025-10-12,5,7.66182970960621,738
2025-10-12,6,10.796262791699636,785
2025-10-12,7,12.731321633123184,848
2025-10-12,8,5.308547381919797,895
2025-10-12,9,9.935251252842544,939
2025-10-12,10,3.865965469570437,986
2025-10-12,11,4.524274390375516,1055
2025-10-12,12,45.51891338254429,1111
2025-10-13,1,18.468103016177384,550
2025-10-13,2,17.411054438341235,591
2025-10-13,3,15.4231223995325,653
2025-10-13,4,10.359785564347423,705
2025-10-13,5,8.865720108829693,731
2025-10-13,6,2.4572922168193174,814
2025-10-13,7,36.437682043100466,851
2025-10-13,8,8.498650236319397,880
2025-10-13,9,4.066633489178596,943
2025-10-13,10,3.1782375850882008,1015
2025-10-13,11,47.29674609772522,1035
2025-10-13,12,9.278155670429323,1105
2025-10-14,1,12.024638569253279,530
2025-10-14,2,21.39989803053084,609
2025-10-14,3,5.797716354679645,667
2025-10-14,4,2.24598314991102,716
2025-10-14,5,36.16900764380285,733
2025-10-14,6,5.799087849983681,808
2025-10-14,7,10.916164084824285,841
2025-10-14,8,26.32849492936848,899
2025-10-14,9,12.657574572987501,963
2025-10-14,10,24.10068387333187,1000
2025-10-14,11,5.77269652715367,1039
2025-10-14,12,2.1284131597925446,1109
2025-10-15,1,9.797395719143895,530
2025-10-15,2,3.239676929916727,591
2025-10-15,3,10.389114641254816,634
2025-10-15,4,8.066957040357472,718
2025-10-15,5,21.119913915884503,744
2025-10-15,6,29.41467770856651,782
2025-10-15,7,47.34817385779147,832
2025-10-15,8,3.423191526269057,880
2025-10-15,9,13.104413515672725,950
2025-10-15,10,29.297260160503292,990
2025-10-15,11,7.378861639102131,1061
2025-10-15,12,2.8456850571810937,1084
2025-10-16,1,19.885273251241525,568
2025-10-16,2,3.1667582766415268,617
2025-10-16,3,7.962006091885936,668
2025-10-16,4,5.22628663209972,709
2025-10-16,5,8.591378143742554,755
2025-10-16,6,7.8138481878421855,788
2025-10-16,7,27.114942564073406,856
2025-10-16,8,3.626394942203336,895
2025-10-16,9,3.5427133531816186,952
2025-10-16,10,19.101542643488784,983
2025-10-16,11,42.59909296906723,1069
2025-10-16,12,27.635251617464206,1114
2025-10-17,1,29.56054429796612,560
2025-10-17,2,27.722041396241192,602
2025-10-17,3,6.9252377140413355,655
2025-10-17,4,10.16824401900687,708
2025-10-17,5,10.63509911558333,735
2025-10-17,6,28.50061022554646,785
2025-10-17,7,3.2843070516465183,833
2025-10-17,8,2.2539286353242174,918
2025-10-17,9,8.92302720560999,957
2025-10-17,10,18.35784718444207,1011
2025-10-17,11,1.6235448784926212,1034
2025-10-17,12,26.791867930163598,1119
2025-10-18,1,4.616631898302341,536
2025-10-18,2,12.465758980637089,605
2025-10-18,3,16.863936618205887,643
2025-10-18,4,26.72140818306409,706
2025-10-18,5,11.039758068008197,757
2025-10-18,6,2.233475270968312,787
2025-10-18,7,2.353128730690036,856
2025-10-18,8,4.885747019322832,899
2025-10-18,9,19.829304827428853,930
2025-10-18,10,13.230803625093445,1013
2025-10-18,11,9.421742410314524,1065
2025-10-18,12,18.7994146529896,1095
2025-10-19,1,6.92228183595382,538
2025-10-19,2,8.93574533074953,593
2025-10-19,3,26.144878444493855,647
2025-10-19,4,6.794311976217658,687
2025-10-19,5,4.916729274655031,758
2025-10-19,6,20.319308956975156,799
2025-10-19,7,17.000274712464705,837
2025-10-19,8,7.222267592237055,896
2025-10-19,9,22.89737265676567,955
2025-10-19,10,11.698339833009525,986
2025-10-19,11,1.951838455252797,1046
2025-10-19,12,18.241038282871624,1085
2025-10-20,1,20.16294604989161,547
2025-10-20,2,13.179521843522805,584
2025-10-20,3,5.115088084185004,635
2025-10-20,4,13.014659747246196,696
2025-10-20,5,8.130428912628883,768
2025-10-20,6,6.942707785155875,781
2025-10-20,7,12.259731990322114,843
2025-10-20,8,7.649298441328853,888
2025-10-20,9,22.35008960215448,968
2025-10-20,10,29.8104012629504,1009
2025-10-20,11,27.151226690686673,1069
2025-10-20,12,6.571289685216578,1111
2025-10-21,1,25.748137986782716,567
2025-10-21,2,24.558303426400034,581
2025-10-21,3,14.50517500158016,663
2025-10-21,4,6.960351112001668,718
2025-10-21,5,26.253758655661837,764
2025-10-21,6,22.374484697714173,818
2025-10-21,7,7.509124147998898,832
2025-10-21,8,4.4498481397893945,884
2025-10-21,9,23.919153992493182,942
2025-10-21,10,10.861962584593936,1015
2025-10-21,11,5.695860249171194,1037
2025-10-21,12,3.307837827699385,1083
2025-10-22,1,0.898416875254073,549
2025-10-22,2,3.3311678335587813,616
2025-10-22,3,21.319673830166334,667
2025-10-22,4,25.214365173537143,711
2025-10-22,5,3.2553302731062583,742
2025-10-22,6,6.381664097472489,797
2025-10-22,7,17.747544092646894,840
2025-10-22,8,14.22287540907564,882
2025-10-22,9,14.477545497898632,930
2025-10-22,10,20.205151175468732,1016
2025-10-22,11,20.270648604164933,1041
2025-10-22,12,17.935193223039768,1104
2025-10-23,1,20.687921550080564,563
2025-10-23,2,8.197163057976416,587
2025-10-23,3,22.11079104835852,651
2025-10-23,4,1.49348708338876,680
2025-10-23,5,24.90962199153003,768
2025-10-23,6,11.458543194941875,803
2025-10-23,7,11.606373333475958,869
2025-10-23,8,3.9464639138701423,883
2025-10-23,9,9.137792854210781,937
2025-10-23,10,8.168093744410424,1008
2025-10-23,11,35.728599778664716,1068
2025-10-23,12,18.447417612531737,1093
2025-10-24,1,3.2708665509078276,555
2025-10-24,2,12.270726275719941,603
2025-10-24,3,20.255985727989078,637
2025-10-24,4,2.5363896860457618,713
2025-10-24,5,15.531030946009109,749
2025-10-24,6,6.951808545377671,792
2025-10-24,7,9.739638152207807,835
2025-10-24,8,2.836911607069598,910
2025-10-24,9,19.571559842113274,932
2025-10-24,10,15.368884604117772,1017
2025-10-24,11,56.911092933042404,1063
2025-10-24,12,16.426655317254305,1103
2025-10-25,1,9.539848513735354,542
2025-10-25,2,12.365521029682997,598
2025-10-25,3,10.136437818566755,654
2025-10-25,4,53.088953136952625,705
2025-10-25,5,3.52668014780187,737
2025-10-25,6,8.755105678243295,794
2025-10-25,7,9.39191202401615,830
2025-10-25,8,8.85169506421484,895
2025-10-25,9,4.315373051533514,933
2025-10-25,10,3.0241657073336956,1009
2025-10-25,11,7.64318498143231,1065
2025-10-25,12,7.550797024196193,1095
2025-10-26,1,8.482067535836157,549
2025-10-26,2,6.822594561334447,608
2025-10-26,3,21.593220433362195,644
2025-10-26,4,6.45852155393491,694
2025-10-26,5,6.975611305545964,753
2025-10-26,6,5.501312141870176,803
2025-10-26,7,2.2534323326444525,848
2025-10-26,8,14.21024959208236,883
2025-10-26,9,16.43470277495419,951
2025-10-26,10,11.299092001415131,1009
2025-10-26,11,24.908309840297626,1058
2025-10-26,12,22.111191464101182,1106
2025-10-27,1,14.945302466849975,540
2025-10-27,2,23.93268983262283,617
2025-10-27,3,3.172226833985632,633
2025-10-27,4,5.187235032841008,691
2025-10-27,5,16.198792739406393,743
2025-10-27,6,6.050794584357752,806
2025-10-27,7,34.27933264342436,866
2025-10-27,8,16.44098499764458,914
2025-10-27,9,11.924752709002705,968
2025-10-27,10,29.523913005411035,1013
2025-10-27,11,9.354601140835877,1037
2025-10-27,12,8.864103051687852,1082
2025-10-28,1,12.011976625519626,555
2025-10-28,2,5.666429420417346,598
2025-10-28,3,9.760449040731574,653
2025-10-28,4,21.55068373703362,718
2025-10-28,5,34.64350755347231,763
2025-10-28,6,15.787417564207516,795
2025-10-28,7,6.111086627260971,837
2025-10-28,8,18.66115856998403,915
2025-10-28,9,0.33162214625475445,944
2025-10-28,10,12.336161004608401,994
2025-10-28,11,19.383361943299228,1040
2025-10-28,12,13.635628321025088,1097
2025-10-29,1,7.316432423117538,560
2025-10-29,2,19.718441730058604,618
2025-10-29,3,12.064173076100126,648
2025-10-29,4,18.583303419736396,696
2025-10-29,5,19.610385067581618,735
2025-10-29,6,45.82000122475991,784
2025-10-29,7,19.586432022638384,852
2025-10-29,8,8.511175739300793,883
2025-10-29,9,10.662683917179876,941
2025-10-29,10,6.250352581058376,992
2025-10-29,11,12.710501700314698,1065
2025-10-29,12,1.4711266361089106,1103
2025-10-30,1,4.205547629098331,565
2025-10-30,2,37.92006973541807,594
2025-10-30,3,13.848356862893045,640
2025-10-30,4,9.58864309676893,702
2025-10-30,5,3.369764564450882,763
2025-10-30,6,13.129682829030399,780
2025-10-30,7,33.22474130525432,836
2025-10-30,8,7.309814734243787,895
2025-10-30,9,4.46113364394002,943
2025-10-30,10,25.592403205171397,996
2025-10-30,11,9.44235689986815,1033
2025-10-30,12,15.751200989820209,1100
2025-10-31,1,4.2135961777251705,534
2025-10-31,2,4.823303272894203,607
2025-10-31,3,11.154428646644215,660
2025-10-31,4,18.56969585358693,712
2025-10-31,5,4.022405751540501,768
2025-10-31,6,7.5254127813754454,794
2025-10-31,7,18.70576685869722,852
2025-10-31,8,8.802691169862094,908
2025-10-31,9,26.79753661668399,934
2025-10-31,10,48.961889220794205,1005
2025-10-31,11,20.763022209712734,1052
2025-10-31,12,8.527621640783641,1114
2025-11-01,1,18.81217061658692,554
2025-11-01,2,19.05112903215343,591
2025-11-01,3,22.5298065861845,640
2025-11-01,4,6.720904059954347,707
2025-11-01,5,5.945486807238622,743
2025-11-01,6,14.209289887623916,799
2025-11-01,7,4.549183516878198,859
2025-11-01,8,7.533373694452781,899
2025-11-01,9,18.522462122292882,930
2025-11-01,10,19.831961212736477,990
2025-11-01,11,6.44026557730149,1044
2025-11-01,12,3.0801257334751506,1105
2025-11-02,1,15.975111629397997,555
2025-11-02,2,9.31021087420864,600
2025-11-02,3,6.287053112736979,636
2025-11-02,4,9.283733887005644,715
2025-11-02,5,11.041285825016333,748
2025-11-02,6,21.016302469353445,812
2025-11-02,7,18.76909264071398,867
2025-11-02,8,4.54303306763155,899
2025-11-02,9,18.939487068878744,959
2025-11-02,10,23.909809787656826,983
2025-11-02,11,8.05157439841177,1030
2025-11-02,12,6.651042660631951,1090
2025-11-03,1,22.52111631932071,559
2025-11-03,2,11.002489165850037,582
2025-11-03,3,16.78729034611031,638
2025-11-03,4,16.44049307333143,692
2025-11-03,5,9.669157087103368,755
2025-11-03,6,7.166362222210498,784
2025-11-03,7,3.469622547517302,832
2025-11-03,8,9.094227494431937,880
2025-11-03,9,11.165820029119434,945
2025-11-03,10,37.983422471669336,1012
2025-11-03,11,20.748972764321834,1030
2025-11-03,12,4.8468292157251405,1114
2025-11-04,1,17.526433109637676,566
2025-11-04,2,10.16267068196225,586
2025-11-04,3,7.394416423553103,667
2025-11-04,4,25.372366883349866,713
2025-11-04,5,11.008555243635405,757
2025-11-04,6,23.852771880924728,793
2025-11-04,7,1.69523486045926,846
2025-11-04,8,8.33427534459771,908
2025-11-04,9,28.598027653439754,931
2025-11-04,10,12.527548971341574,999
2025-11-04,11,5.472403483416838,1054
2025-11-04,12,16.384183099625886,1096
2025-11-05,1,5.749582472271428,542
2025-11-05,2,22.400340731601705,596
2025-11-05,3,27.80794709722302,644
2025-11-05,4,1.1859282976244985,706
2025-11-05,5,7.626225744558252,753
2025-11-05,6,46.27295323895858,802
2025-11-05,7,13.622959675253169,855
2025-11-05,8,3.7186129408601074,894
2025-11-05,9,32.78671883557191,959
2025-11-05,10,7.934021447301422,1000
2025-11-05,11,2.3803973256909154,1035
2025-11-05,12,13.685853029135089,1116
2025-11-06,1,13.178692380275551,550
2025-11-06,2,16.637003649536926,609
2025-11-06,3,18.6206054651961,664
2025-11-06,4,13.046724995568482,683
2025-11-06,5,10.748752860012923,757
2025-11-06,6,11.563561084842705,795
2025-11-06,7,54.37997904488135,856
2025-11-06,8,11.547144502314108,889
2025-11-06,9,22.16234543881451,932
2025-11-06,10,1.559023571213971,1014
2025-11-06,11,16.234842735239226,1062
2025-11-06,12,1.6903662282892205,1083
2025-11-07,1,4.735598909119414,533
2025-11-07,2,17.142207248476016,584
2025-11-07,3,23.788025428115464,645
2025-11-07,4,4.315371170414623,684
2025-11-07,5,22.490734258354248,753
2025-11-07,6,28.731472296167862,810
2025-11-07,7,10.0378990770544,868
2025-11-07,8,11.919241669614799,901
2025-11-07,9,27.487627930288344,951
2025-11-07,10,11.938351963987763,1011
2025-11-07,11,9.808302454441954,1033
2025-11-07,12,5.386406092224772,1101
2025-11-08,1,21.04296506117862,561
2025-11-08,2,15.291885237847664,611
2025-11-08,3,12.20755799691646,650
2025-11-08,4,12.0259505122594,701
2025-11-08,5,17.782146503148898,753
2025-11-08,6,14.790531071013925,782
2025-11-08,7,10.581089147293095,852
2025-11-08,8,6.076995113824004,885
2025-11-08,9,20.531195667378533,965
2025-11-08,10,5.71030889525301,1005
2025-11-08,11,10.662899058165962,1046
2025-11-08,12,2.7000528708405325,1082
2025-11-09,1,27.91975930844463,564
2025-11-09,2,21.405661225747284,614
2025-11-09,3,9.950388324258627,651
2025-11-09,4,10.849664798878171,707
2025-11-09,5,12.885546303205528,763
2025-11-09,6,7.822169200314409,810
2025-11-09,7,21.632102425111814,844
2025-11-09,8,11.767271349506565,899
2025-11-09,9,10.598522074840496,933
2025-11-09,10,4.988222382928109,997
2025-11-09,11,8.840894788905542,1049
2025-11-09,12,5.329156285447167,1114
2025-11-10,1,21.14547567130849,543
2025-11-10,2,23.40468138022354,606
2025-11-10,3,8.577368351633389,667
2025-11-10,4,11.626727640464761,684
2025-11-10,5,34.20283560825711,761
2025-11-10,6,13.261226402633607,781
2025-11-10,7,19.939892932792933,855
2025-11-10,8,2.853161772021104,917
2025-11-10,9,17.04717074218551,943
2025-11-10,10,7.6265128751107385,1004
2025-11-10,11,11.688516202850584,1069
2025-11-10,12,7.277083337928029,1087
2025-11-11,1,5.7525806116016,549
2025-11-11,2,20.6384371559732,584
2025-11-11,3,32.9013272876348,633
2025-11-11,4,7.352248917098164,687
2025-11-11,5,3.9600537137494376,761
2025-11-11,6,15.035076706994689,796
2025-11-11,7,10.896284562412507,860
2025-11-11,8,24.79787685791441,880
2025-11-11,9,10.317338082497319,958
2025-11-11,10,16.142261127521774,1012
2025-11-11,11,18.257159249098216,1038
2025-11-11,12,9.144750040478131,1080
2025-11-12,1,13.15944604155733,537
2025-11-12,2,36.68733881445905,607
2025-11-12,3,47.7288162188422,664
2025-11-12,4,7.2353758873705205,710
2025-11-12,5,19.906514749117733,769
2025-11-12,6,17.236688903234757,786
2025-11-12,7,24.851333807910844,849
2025-11-12,8,3.6201132389415913,895
2025-11-12,9,1.8906669172578714,933
2025-11-12,10,1.5874743882960758,1013
2025-11-12,11,9.375279212740605,1061
2025-11-12,12,8.486985243275688,1096
2025-11-13,1,3.318425438124759,543
2025-11-13,2,9.252493997720874,616
2025-11-13,3,35.34516869911012,652
2025-11-13,4,10.221909003981489,708
2025-11-13,5,4.159984902154431,743
2025-11-13,6,19.550005153570254,780
2025-11-13,7,18.355104011620522,867
2025-11-13,8,11.78671003395758,887
2025-11-13,9,24.642439765486273,960
2025-11-13,10,2.35001638217265,1016
2025-11-13,11,23.483234773986354,1032
2025-11-13,12,19.108469776744496,1085
2025-11-14,1,11.170307552661704,538
2025-11-14,2,11.315849330599686,585
2025-11-14,3,5.450596261734456,667
2025-11-14,4,12.94858189077095,682
2025-11-14,5,11.598402689616773,745
2025-11-14,6,9.703767050306823,802
2025-11-14,7,27.0321601762604,859
2025-11-14,8,20.49211752552944,885
2025-11-14,9,17.437107563323924,959
2025-11-14,10,20.810371069453296,993
2025-11-14,11,12.552685521282593,1040
2025-11-14,12,14.519261113607477,1111
2025-11-15,1,6.766949956168739,544
2025-11-15,2,14.313273630929222,598
2025-11-15,3,20.16859905018491,640
2025-11-15,4,16.15298722691982,682
2025-11-15,5,4.034060571308418,745
2025-11-15,6,30.38155678327927,817
2025-11-15,7,10.641028376231777,834
2025-11-15,8,3.607661648661124,891
2025-11-15,9,1.4152612681600738,965
2025-11-15,10,17.269274790182084,1006
2025-11-15,11,11.243991957994318,1038
2025-11-15,12,21.27519469514297,1108
2025-11-16,1,4.6699675284368105,568
2025-11-16,2,20.427084339373103,581
2025-11-16,3,2.158322705636503,669
2025-11-16,4,20.432849293195346,695
2025-11-16,5,4.688919608648105,738
2025-11-16,6,17.479893363972423,793
2025-11-16,7,24.470303323780076,840
2025-11-16,8,6.616160173279737,893
2025-11-16,9,2.9951349922646204,958
2025-11-16,10,12.679961829050955,987
2025-11-16,11,42.03914379123975,1068
2025-11-16,12,5.327153204144681,1118
2025-11-17,1,25.521809799391438,538
2025-11-17,2,5.3934219251031,608
2025-11-17,3,24.122637778655168,632
2025-11-17,4,15.156744594818058,699
2025-11-17,5,7.400540939829333,744
2025-11-17,6,21.304932464737576,814
2025-11-17,7,14.218591553209674,865
2025-11-17,8,15.426795840304322,900
2025-11-17,9,11.79324286728409,959
2025-11-17,10,3.0412246375489143,1015
2025-11-17,11,1.887494973768897,1037
2025-11-17,12,27.85591192202054,1099
2025-11-18,1,8.759103969253948,559
2025-11-18,2,15.48872964870896,609
2025-11-18,3,3.8687621239703547,633
2025-11-18,4,3.3780961792529385,712
2025-11-18,5,30.79688234315022,746
2025-11-18,6,10.60384729095426,790
2025-11-18,7,20.241512598202277,839
2025-11-18,8,14.29019093006048,905
2025-11-18,9,12.881290408155227,955
2025-11-18,10,21.012530469153983,983
2025-11-18,11,40.35090495133343,1040
2025-11-18,12,6.644505246333803,1102
2025-11-19,1,30.104680186654715,558
2025-11-19,2,21.76992427061971,604
2025-11-19,3,23.99048455519216,640
2025-11-19,4,4.322282088425648,698
2025-11-19,5,7.045744767683758,750
2025-11-19,6,5.588936414348037,792
2025-11-19,7,40.9704987946583,848
2025-11-19,8,17.46129310949867,889
2025-11-19,9,6.686296149248914,953
2025-11-19,10,20.654610904134405,984
2025-11-19,11,6.2248510272177455,1064
2025-11-19,12,9.098301186465145,1096
2025-11-20,1,23.212066913769746,557
2025-11-20,2,10.508413233178587,618
2025-11-20,3,52.96104166715463,639
2025-11-20,4,18.208505268553356,712
2025-11-20,5,5.016409620692375,735
2025-11-20,6,4.929318036644093,804
2025-11-20,7,26.182763592501978,845
2025-11-20,8,14.319488837927562,880
2025-11-20,9,8.834203343383379,968
2025-11-20,10,12.493170382124005,986
2025-11-20,11,5.9935464299668135,1069
2025-11-20,12,5.442733289378344,1097
2025-11-21,1,7.018851322473031,554
2025-11-21,2,16.23325945102727,606
2025-11-21,3,20.64947641515813,669
2025-11-21,4,1.0876989391292116,699
2025-11-21,5,39.632140204838734,752
2025-11-21,6,23.925678059501795,798
2025-11-21,7,10.336945787426242,857
2025-11-21,8,10.635694019947987,908
2025-11-21,9,13.412791711703235,936
2025-11-21,10,3.630602270434282,1005
2025-11-21,11,24.090390662222966,1068
2025-11-21,12,21.963335810538478,1113
2025-11-22,1,15.604923558521458,535
2025-11-22,2,28.22253403646666,608
2025-11-22,3,21.603068530357724,650
2025-11-22,4,19.959291148181286,718
2025-11-22,5,6.016706971535363,760
2025-11-22,6,26.491198893944425,791
2025-11-22,7,20.789127187369473,859
2025-11-22,8,7.421571341989621,898
2025-11-22,9,8.870591804232104,936
2025-11-22,10,7.7720551298856195,986
2025-11-22,11,8.884891299332415,1043
2025-11-22,12,2.7412333112841925,1091
2025-11-23,1,23.76251540798187,537
2025-11-23,2,9.562391808413834,609
2025-11-23,3,6.728778996751881,631
2025-11-23,4,4.818753965082649,681
2025-11-23,5,23.06991449257767,759
2025-11-23,6,23.003600598833184,784
2025-11-23,7,22.237841083529236,840
2025-11-23,8,13.478556532792263,914
2025-11-23,9,10.269849621871586,942
2025-11-23,10,5.567820373634575,1005
2025-11-23,11,6.181887916237301,1044
2025-11-23,12,13.09208201536608,1091
2025-11-24,1,10.73494587338926,551
2025-11-24,2,13.370655784869102,597
2025-11-24,3,11.428473424290729,666
2025-11-24,4,10.765053102752445,703
2025-11-24,5,13.709812332194726,756
2025-11-24,6,10.725968198715428,796
2025-11-24,7,12.068734014841144,856
2025-11-24,8,8.900624098893912,880
2025-11-24,9,21.21446097571891,964
2025-11-24,10,35.34169560019855,992
2025-11-24,11,5.448364300646535,1045
2025-11-24,12,30.364144799085174,1082
2025-11-25,1,25.440960999655413,557
2025-11-25,2,8.270525814114666,585
2025-11-25,3,10.899437640597103,641
2025-11-25,4,19.376711481354764,683
2025-11-25,5,7.509549670755873,744
2025-11-25,6,17.60121211520134,805
2025-11-25,7,16.979044532333916,861
2025-11-25,8,8.352726907343014,884
2025-11-25,9,22.391215869057437,931
2025-11-25,10,26.86075457942075,985
2025-11-25,11,15.515656285920567,1060
2025-11-25,12,4.919933309930317,1104
2025-11-26,1,3.6898367147048514,552
2025-11-26,2,26.079656158488092,600
2025-11-26,3,1.6248494171783407,655
2025-11-26,4,5.084552418759489,694
2025-11-26,5,20.99525578047413,762
2025-11-26,6,23.885212995110717,800
2025-11-26,7,38.64728002323999,841
2025-11-26,8,9.714678381161809,897
2025-11-26,9,19.453819873526818,939
2025-11-26,10,11.56622331363794,998
2025-11-26,11,12.09819042246474,1057
2025-11-26,12,21.145901527012636,1080
2025-11-27,1,12.104699645058599,558
2025-11-27,2,24.061111076241456,597
2025-11-27,3,20.2411622265599,651
2025-11-27,4,1.6082101487852487,715
2025-11-27,5,14.799205440970027,737
2025-11-27,6,8.621935974335699,787
2025-11-27,7,4.436710063580833,859
2025-11-27,8,24.267774568727994,889
2025-11-27,9,33.55773474818338,942
2025-11-27,10,23.485353160904086,1012
2025-11-27,11,6.411129735357296,1045
2025-11-27,12,13.430756830154563,1118
2025-11-28,1,29.835726768771355,551
2025-11-28,2,8.921327200973007,619
2025-11-28,3,49.5955823204059,649
2025-11-28,4,7.640598099428299,686
2025-11-28,5,9.849488401109445,732
2025-11-28,6,20.32623146614051,796
2025-11-28,7,9.936711113486353,862
2025-11-28,8,2.7745537625790795,895
2025-11-28,9,19.33081844581258,969
2025-11-28,10,23.953501561744233,1012
2025-11-28,11,16.267050642683394,1054
2025-11-28,12,1.361731005577775,1086
2025-11-29,1,4.398857450336193,540
2025-11-29,2,11.14407820427722,605
2025-11-29,3,18.114931995887794,662
2025-11-29,4,11.160873847571027,712
2025-11-29,5,14.052323454068574,766
2025-11-29,6,21.474193869179057,819
2025-11-29,7,21.653577033731647,847
2025-11-29,8,9.958254494358393,916
2025-11-29,9,34.161379842333936,963
2025-11-29,10,4.051063217833452,993
2025-11-29,11,2.2074156069179267,1040
2025-11-29,12,10.291935785810473,1112
2025-11-30,1,9.94707237016889,565
2025-11-30,2,10.97046917480031,603
2025-11-30,3,2.841794619354724,631
2025-11-30,4,6.7802330195388905,695
2025-11-30,5,5.036340677783861,734
2025-11-30,6,42.50240955074097,789
2025-11-30,7,6.303475893937201,849
2025-11-30,8,17.912669456026006,883
2025-11-30,9,9.887163945522317,964
2025-11-30,10,3.5783175429539846,981
2025-11-30,11,22.29040204886708,1056
2025-11-30,12,19.514878577388796,1082
2025-12-01,1,14.732096062975486,532
2025-12-01,2,15.460902006036902,606
2025-12-01,3,27.855034624429866,661
2025-12-01,4,15.830802113697382,717
2025-12-01,5,2.680965876621106,768
2025-12-01,6,17.730809128881898,785
2025-12-01,7,41.697733654515616,866
2025-12-01,8,10.507496985867153,905
2025-12-01,9,7.740047546330285,940
2025-12-01,10,24.20636014221068,1000
2025-12-01,11,21.437227431062606,1031
2025-12-01,12,11.376498854424764,1086
2025-12-02,1,5.371123810441587,563
2025-12-02,2,30.871433009910948,613
2025-12-02,3,23.404191974121513,653
2025-12-02,4,6.252350541727659,688
2025-12-02,5,8.762864090795958,737
2025-12-02,6,12.610618334963112,808
2025-12-02,7,15.329601398018623,857
2025-12-02,8,14.94493343379558,898
2025-12-02,9,36.94927124773519,957
2025-12-02,10,10.49436350776257,1014
2025-12-02,11,20.30191829263397,1069
2025-12-02,12,11.776477527220514,1102
2025-12-03,1,13.297264307169888,541
2025-12-03,2,2.5132050834934403,606
2025-12-03,3,18.76028607438296,668
2025-12-03,4,17.822467489109457,714
2025-12-03,5,25.084024773565368,768
2025-12-03,6,3.8277672477866127,788
2025-12-03,7,5.257640388257649,863
2025-12-03,8,10.685902696677518,906
2025-12-03,9,10.391088842207662,947
2025-12-03,10,34.594432875659585,1016
2025-12-03,11,7.544463454203275,1051
2025-12-03,12,29.334848619418295,1115
2025-12-04,1,4.0380997896978315,564
2025-12-04,2,22.566532390069256,609
2025-12-04,3,33.218530429187176,652
2025-12-04,4,15.19788636038218,695
2025-12-04,5,0.9009624707390756,757
2025-12-04,6,30.26636949067266,802
2025-12-04,7,34.64373540525965,849
2025-12-04,8,6.108314791508241,881
2025-12-04,9,8.479314307331258,958
2025-12-04,10,7.300418440952372,991
2025-12-04,11,26.191278549655287,1048
2025-12-04,12,10.074740282484854,1114
2025-12-05,1,18.741845283366075,545
2025-12-05,2,13.59149946059451,602
2025-12-05,3,22.215919249723097,640
2025-12-05,4,6.138241230731134,680
2025-12-05,5,21.533160079108793,765
2025-12-05,6,15.582546512328907,781
2025-12-05,7,22.09034941853553,855
2025-12-05,8,12.746822220009541,914
2025-12-05,9,11.901832002691544,935
2025-12-05,10,7.9497527466089055,1007
2025-12-05,11,39.35382805367949,1044
2025-12-05,12,7.887550120838172,1088
2025-12-06,1,1.3675469865499892,552
2025-12-06,2,6.479974643762066,587
2025-12-06,3,21.321077051642693,636
2025-12-06,4,18.40673834245216,697
2025-12-06,5,43.51928167514821,759
2025-12-06,6,15.640979080703309,790
2025-12-06,7,6.462999885921222,834
2025-12-06,8,2.2449965607065443,889
2025-12-06,9,8.725284346633632,953
2025-12-06,10,3.3011539389026745,1005
2025-12-06,11,18.60604285350885,1055
2025-12-06,12,18.09562271720053,1089
2025-12-07,1,18.16939670334782,548
2025-12-07,2,18.015705294023007,610
2025-12-07,3,2.7243844454574937,643
2025-12-07,4,16.26908071210515,707
2025-12-07,5,6.223277359593071,747
2025-12-07,6,31.487032234399926,813
2025-12-07,7,25.31807401577851,862
2025-12-07,8,6.820600484665824,894
2025-12-07,9,12.429848158174464,964
2025-12-07,10,10.031973714005437,1014
2025-12-07,11,24.365603083087105,1039
2025-12-07,12,2.0216743371372403,1080
2025-12-08,1,6.3756086484458105,558
2025-12-08,2,10.52395816379593,617
2025-12-08,3,2.955665304680451,668
2025-12-08,4,21.958476027012253,707
2025-12-08,5,32.97813117983584,748
2025-12-08,6,6.8768280985650625,806
2025-12-08,7,9.154223543750811,840
2025-12-08,8,27.16444601144381,913
2025-12-08,9,12.743287993442474,935
2025-12-08,10,9.70798258109892,1013
2025-12-08,11,27.33754505718955,1049
2025-12-08,12,15.030739281496318,1099
2025-12-09,1,15.912646183246448,542
2025-12-09,2,9.108228909137631,582
2025-12-09,3,12.715381686653854,667
2025-12-09,4,14.049662586431827,683
2025-12-09,5,17.31375601556365,747
2025-12-09,6,24.389734925162955,802
2025-12-09,7,7.100719888976467,846
2025-12-09,8,6.237461901585635,885
2025-12-09,9,30.151015910490006,957
2025-12-09,10,41.727264503947445,1018
2025-12-09,11,17.543651058925988,1069
2025-12-09,12,7.0571222648142165,1083
2025-12-10,1,24.670299559785054,531
2025-12-10,2,30.795885420176106,602
2025-12-10,3,13.257314398461517,651
2025-12-10,4,9.110782010598589,717
2025-12-10,5,11.803139091944955,739
2025-12-10,6,30.4515153699219,819
2025-12-10,7,19.035544019531734,843
2025-12-10,8,13.254884398529953,905
2025-12-10,9,15.582400886700944,940
2025-12-10,10,6.670416155606904,982
2025-12-10,11,14.080322693187245,1060
2025-12-10,12,14.94955789708024,1089
2025-12-11,1,6.997597608305829,548
2025-12-11,2,6.604851625057799,614
2025-12-11,3,15.895011074670448,648
2025-12-11,4,16.539948121512904,694
2025-12-11,5,7.671584354906786,731
2025-12-11,6,18.776353255404505,811
2025-12-11,7,11.744066522133808,855
2025-12-11,8,3.4543363368825,919
2025-12-11,9,10.546225926939028,965
2025-12-11,10,23.199519432627035,990
2025-12-11,11,56.274760202649404,1058
2025-12-11,12,23.544051774249514,1080
2025-12-12,1,16.680856208856888,562
2025-12-12,2,35.38482450888306,595
2025-12-12,3,23.63219819286633,663
2025-12-12,4,10.025513713224314,710
2025-12-12,5,12.595513002749346,763
2025-12-12,6,11.691216763378387,815
2025-12-12,7,36.04731912829972,857
2025-12-12,8,9.924637032958174,903
2025-12-12,9,17.684296775537486,959
2025-12-12,10,13.883512134937257,1016
2025-12-12,11,19.204300229355592,1059
2025-12-12,12,5.455998487625902,1082
2025-12-13,1,12.327988011628035,555
2025-12-13,2,3.0697977525663322,599
2025-12-13,3,23.220700561918544,651
2025-12-13,4,0.7322859210915655,719
2025-12-13,5,2.401596564843912,753
2025-12-13,6,18.896753596644988,808
2025-12-13,7,27.86053459414895,848
2025-12-13,8,4.7809394252940285,919
2025-12-13,9,12.432405398687497,960
2025-12-13,10,34.26019048373422,1010
2025-12-13,11,3.7891438416551058,1038
2025-12-13,12,30.017150918835274,1105
2025-12-14,1,16.805490515596393,564
2025-12-14,2,15.833795494579757,614
2025-12-14,3,7.476465849316395,659
2025-12-14,4,10.968664553239114,700
2025-12-14,5,7.921086439465849,743
2025-12-14,6,21.7192331837453,815
2025-12-14,7,18.16757648240869,861
2025-12-14,8,5.992041514326488,905
2025-12-14,9,17.72988886360924,950
2025-12-14,10,29.04704136282404,992
2025-12-14,11,22.181215464228224,1039
2025-12-14,12,5.5061746284226425,1104
2025-12-15,1,15.170669157419947,557
2025-12-15,2,21.941442144995467,615
2025-12-15,3,31.19934035664415,639
2025-12-15,4,9.409105728127589,691
2025-12-15,5,7.344207708656575,751
2025-12-15,6,18.212936936239768,793
2025-12-15,7,2.8392181957723337,839
2025-12-15,8,14.77202892045204,896
2025-12-15,9,20.687280544939362,933
2025-12-15,10,29.349295917698903,999
2025-12-15,11,23.24810379657935,1059
2025-12-15,12,10.158992700978176,1088
2025-12-16,1,40.32188936057002,565
2025-12-16,2,27.774956459970568,586
2025-12-16,3,34.35143853629502,665
2025-12-16,4,15.052164935817382,704
2025-12-16,5,9.630783761390905,736
2025-12-16,6,1.8902489213511182,798
2025-12-16,7,19.235536517028827,841
2025-12-16,8,23.712602481859612,894
2025-12-16,9,6.763397440908963,966
2025-12-16,10,15.03801248960236,996
2025-12-16,11,11.376349390689743,1065
2025-12-16,12,3.5453507492615977,1088
2025-12-17,1,7.977621315086969,531
2025-12-17,2,4.55047290546321,590
2025-12-17,3,20.301068014773985,660
2025-12-17,4,24.807971596554196,710
2025-12-17,5,6.9409579803554635,759
2025-12-17,6,20.34508426665725,787
2025-12-17,7,9.710103654369053,868
2025-12-17,8,7.57776098461598,880
2025-12-17,9,23.610071731431624,934
2025-12-17,10,39.76509216046591,991
2025-12-17,11,18.548051402220192,1065
2025-12-17,12,14.041755797430085,1090
2025-12-18,1,41.066871734847425,537
2025-12-18,2,17.003849773312876,582
2025-12-18,3,13.55612604369114,660
2025-12-18,4,27.30955415552438,696
2025-12-18,5,14.59003401350321,740
2025-12-18,6,8.95077312255865,788
2025-12-18,7,0.21233764711351655,843
2025-12-18,8,5.329417860433962,910
2025-12-18,9,21.125663480541046,931
2025-12-18,10,7.999604694319935,1018
2025-12-18,11,38.79625835183759,1032
2025-12-18,12,3.5574500590233624,1108
2025-12-19,1,23.205471216600355,560
2025-12-19,2,28.69657914215764,585
2025-12-19,3,4.314536509309992,632
2025-12-19,4,18.401147993774337,681
2025-12-19,5,19.503354578295202,736
2025-12-19,6,17.596286837977534,815
2025-12-19,7,25.193632461673577,833
2025-12-19,8,5.444900407969061,907
2025-12-19,9,4.645202473477981,945
2025-12-19,10,20.168334077279415,1007
2025-12-19,11,41.42805553759026,1046
2025-12-19,12,7.141329001479064,1119
2025-12-20,1,15.417285336523367,564
2025-12-20,2,17.68310996671494,611
2025-12-20,3,10.341121074457703,658
2025-12-20,4,3.6918216216242317,680
2025-12-20,5,4.525593007386849,749
2025-12-20,6,44.677941025129535,786
2025-12-20,7,23.46044116344868,839
2025-12-20,8,21.33521236366869,918
2025-12-20,9,8.663727252284959,944
2025-12-20,10,20.08952033332719,997
2025-12-20,11,20.94942633758459,1032
2025-12-20,12,1.4193203382962418,1110
2025-12-21,1,21.23369219121028,561
2025-12-21,2,10.227676314179462,583
2025-12-21,3,10.245478804845199,635
2025-12-21,4,8.576695316465875,708
2025-12-21,5,10.217621516603295,730
2025-12-21,6,6.50976313574564,785
2025-12-21,7,46.72071366174668,838
2025-12-21,8,9.717729368236514,883
2025-12-21,9,16.04604526651942,961
2025-12-21,10,30.15592326573495,996
2025-12-21,11,1.2847729241590897,1054
2025-12-21,12,7.001331999861593,1089
2025-12-22,1,35.68832111354063,554
2025-12-22,2,6.404552247655387,595
2025-12-22,3,19.89253255822039,668
2025-12-22,4,10.614036569465995,682
2025-12-22,5,11.54362840489146,753
2025-12-22,6,21.251721015834846,813
2025-12-22,7,16.950696695202076,865
2025-12-22,8,16.476512758746566,884
2025-12-22,9,8.639817822796005,948
2025-12-22,10,14.775011217037168,982
2025-12-22,11,17.29283498220321,1059
2025-12-22,12,23.939047268748617,1096
2025-12-23,1,7.003458047389542,549
2025-12-23,2,16.203862018612867,615
2025-12-23,3,41.04437637787564,645
2025-12-23,4,1.164670937656218,681
2025-12-23,5,46.10348957454109,762
2025-12-23,6,27.18333205547425,800
2025-12-23,7,21.56271318058244,831
2025-12-23,8,5.428937197000399,889
2025-12-23,9,8.783949384874633,951
2025-12-23,10,26.963530483700506,1013
2025-12-23,11,8.642142789683906,1047
2025-12-23,12,18.93513118200954,1104
2025-12-24,1,14.733829112567308,550
2025-12-24,2,14.149315389775296,591
2025-12-24,3,5.653270981242366,637
2025-12-24,4,9.66168785785918,686
2025-12-24,5,16.5135867346207,739
2025-12-24,6,10.976435825236049,793
2025-12-24,7,39.660952142183184,841
2025-12-24,8,13.32375848440537,897
2025-12-24,9,14.71279223660248,939
2025-12-24,10,14.298607315125764,1013
2025-12-24,11,27.20850443972786,1030
2025-12-24,12,25.033828792627116,1101
2025-12-25,1,5.249136477554299,546
2025-12-25,2,11.251416662647019,587
2025-12-25,3,19.779886740425997,630
2025-12-25,4,6.199338055738912,688
2025-12-25,5,14.286975367958426,745
2025-12-25,6,31.006342914319475,816
2025-12-25,7,51.29885371152623,856
2025-12-25,8,24.37044841352009,914
2025-12-25,9,34.114838480514216,960
2025-12-25,10,12.055523543659692,1015
2025-12-25,11,2.6437591257269295,1033
2025-12-25,12,7.7234207496792715,1110
2025-12-26,1,26.38891044944276,558
2025-12-26,2,16.920296453664655,583
2025-12-26,3,45.10230870247944,667
2025-12-26,4,11.292169084906144,681
2025-12-26,5,11.526128411543452,730
2025-12-26,6,6.630095565549313,793
2025-12-26,7,4.834808487803015,839
2025-12-26,8,6.63383090994853,915
2025-12-26,9,9.171568307533617,968
2025-12-26,10,13.332159124953657,985
2025-12-26,11,20.214875883866334,1063
2025-12-26,12,30.389194043988613,1100
2025-12-27,1,12.731820511359672,563
2025-12-27,2,9.483211901957784,612
2025-12-27,3,87.25208985835037,652
2025-12-27,4,5.560465317642065,708
2025-12-27,5,19.80045049789042,748
2025-12-27,6,9.335621481216116,802
2025-12-27,7,6.520709324087924,864
2025-12-27,8,10.598682086651602,911
2025-12-27,9,5.756076296730297,965
2025-12-27,10,8.681068770358523,985
2025-12-27,11,19.958798738069827,1065
2025-12-27,12,5.5627313909577945,1103
2025-12-28,1,8.065997665930299,563
2025-12-28,2,26.87933457222452,617
2025-12-28,3,14.04147172302349,636
2025-12-28,4,5.277964206963285,687
2025-12-28,5,12.356851662555606,768
2025-12-28,6,11.0532996197057,800
2025-12-28,7,13.72208479185941,856
2025-12-28,8,1.0889178815383809,887
2025-12-28,9,24.072646163190143,941
2025-12-28,10,29.163522614349045,1001
2025-12-28,11,19.539345722803798,1051
2025-12-28,12,13.940732904594094,1087
2025-12-29,1,32.775460324870195,567
2025-12-29,2,22.925889481520095,616
2025-12-29,3,9.43549405151209,634
2025-12-29,4,8.445339245944197,715
2025-12-29,5,20.43237834331603,752
2025-12-29,6,23.48786515853441,784
2025-12-29,7,12.319997563904392,863
2025-12-29,8,16.43878177179496,910
2025-12-29,9,5.071643669184545,961
2025-12-29,10,18.550996901397095,1007
2025-12-29,11,37.87066611148101,1032
2025-12-29,12,3.4109697531557535,1081
2025-12-30,1,3.6293476958552926,548
2025-12-30,2,5.158544915882036,603
2025-12-30,3,36.52945943106641,648
2025-12-30,4,6.421016736125638,708
2025-12-30,5,14.242855739411592,755
2025-12-30,6,43.34362539992672,815
2025-12-30,7,43.50814434273228,868
2025-12-30,8,2.33717481057431,899
2025-12-30,9,15.902045507855297,949
2025-12-30,10,38.392236969487676,991
2025-12-30,11,5.912867125084895,1053
2025-12-30,12,11.957906168856717,1087
2025-12-31,1,9.860485539009538,563
2025-12-31,2,12.826844845052946,609
2025-12-31,3,10.675002689952123,639
2025-12-31,4,12.01793358626813,685
2025-12-31,5,7.881245776800039,742
2025-12-31,6,6.550931898180562,818
2025-12-31,7,78.0402196011206,861
2025-12-31,8,7.1496948897494885,889
2025-12-31,9,18.9050768925921,969
2025-12-31,10,30.05197711007546,997
2025-12-31,11,22.203080139763152,1045
2025-12-31,12,8.652094943166766,1119
2026-01-01,1,6.314454693189716,532
2026-01-01,2,24.03454917411552,588
2026-01-01,3,6.221105533650465,652
2026-01-01,4,24.720940217358933,696
2026-01-01,5,2.7445062750077063,749
2026-01-01,6,49.7119894160399,788
2026-01-01,7,8.94082750375779,858
2026-01-01,8,23.551128436927936,911
2026-01-01,9,25.25659538541113,964
2026-01-01,10,29.738354952443814,980
2026-01-01,11,12.151858364157638,1061
2026-01-01,12,2.452229249040988,1085
2026-01-02,1,24.29382340990207,565
2026-01-02,2,8.086606482653957,614
2026-01-02,3,4.3570736259732294,630
2026-01-02,4,3.832770789831531,691
2026-01-02,5,7.365192454496321,749
2026-01-02,6,4.9335889986568136,795
2026-01-02,7,28.817576943204745,843
2026-01-02,8,33.27798119448679,909
2026-01-02,9,2.7634243806245102,966
2026-01-02,10,18.87898847535024,1018
2026-01-02,11,42.473420478092066,1063
2026-01-02,12,28.137064841631656,1099
2026-01-03,1,9.584743568038812,546
2026-01-03,2,26.324641200942757,616
2026-01-03,3,13.211814531854523,640
2026-01-03,4,3.7778799316497604,719
2026-01-03,5,12.332985466565331,752
2026-01-03,6,3.699673851666028,791
2026-01-03,7,11.638070970081118,836
2026-01-03,8,18.244435366781612,919
2026-01-03,9,17.978739649574536,964
2026-01-03,10,16.334259011644214,1005
2026-01-03,11,13.75701073436404,1049
2026-01-03,12,26.34920598315662,1118
2026-01-04,1,2.700770251145155,533
2026-01-04,2,5.91198882656986,587
2026-01-04,3,41.661531488906476,642
2026-01-04,4,11.765412268361136,697
2026-01-04,5,6.9935628768164815,749
2026-01-04,6,3.9685127043069635,808
2026-01-04,7,35.16475013011609,853
2026-01-04,8,14.140135029269196,884
2026-01-04,9,15.49156077516589,939
2026-01-04,10,23.07759524914009,1012
2026-01-04,11,12.181925474419863,1038
2026-01-04,12,21.01794880921084,1101
2026-01-05,1,11.563713861595579,537
2026-01-05,2,5.949386016980304,597
2026-01-05,3,26.732374342125894,649
2026-01-05,4,21.524471246331505,691
2026-01-05,5,32.62272035102377,741
2026-01-05,6,13.70483775597355,803
2026-01-05,7,26.920593754085502,848
2026-01-05,8,23.864850683219018,893
2026-01-05,9,17.79789310694161,947
2026-01-05,10,16.70474373228907,1013
2026-01-05,11,29.039848424806724,1049
2026-01-05,12,1.583298697451796,1115
2026-01-06,1,1.455514662411656,537
2026-01-06,2,21.332414876497953,589
2026-01-06,3,4.995199663919087,657
2026-01-06,4,13.94188291517494,710
2026-01-06,5,7.346736949936786,763
2026-01-06,6,51.552356556165364,796
2026-01-06,7,40.912246718916805,868
2026-01-06,8,42.17370778300781,909
2026-01-06,9,3.2723675394938736,944
2026-01-06,10,11.059948902853213,989
2026-01-06,11,2.077249466921853,1059
2026-01-06,12,10.599529960648152,1099
2026-01-07,1,33.11869678382014,554
2026-01-07,2,13.387985477556501,594
2026-01-07,3,8.432271897694115,648
2026-01-07,4,21.24396064424018,719
2026-01-07,5,17.682759814882807,742
2026-01-07,6,8.0454880316615,786
2026-01-07,7,29.43221482641106,852
2026-01-07,8,25.76527572938119,895
2026-01-07,9,21.471342570627073,958
2026-01-07,10,18.937221185343564,1011
2026-01-07,11,4.481879710959319,1065
2026-01-07,12,9.048760118834164,1116
2026-01-08,1,8.600327046909438,545
2026-01-08,2,33.644903417083306,619
2026-01-08,3,1.2782433577944574,635
2026-01-08,4,8.580137253359975,703
2026-01-08,5,13.801464935554074,748
2026-01-08,6,16.381284067065412,807
2026-01-08,7,11.312866236865714,851
2026-01-08,8,44.625623929225796,901
2026-01-08,9,15.16197523555923,942
2026-01-08,10,24.121832727776983,1018
2026-01-08,11,39.93417962804085,1037
2026-01-08,12,3.815087648871173,1091
2026-01-09,1,26.45200513468896,538
2026-01-09,2,28.652709347254152,595
2026-01-09,3,9.53705159850136,657
2026-01-09,4,27.1242626499864,690
2026-01-09,5,32.788434388321264,768
2026-01-09,6,6.054962302461254,786
2026-01-09,7,31.9566470173988,859
2026-01-09,8,24.89505857523767,888
2026-01-09,9,3.7795149600144327,942
2026-01-09,10,2.128069416732858,1001
2026-01-09,11,18.253998656788706,1049
2026-01-09,12,9.148553139910929,1103
2026-01-10,1,10.888547657061242,564
2026-01-10,2,12.273785739532435,587
2026-01-10,3,5.907776696524901,659
2026-01-10,4,8.176826415749199,705
2026-01-10,5,12.45755157533126,767
2026-01-10,6,1.8948176777231787,782
2026-01-10,7,11.776935842462752,841
2026-01-10,8,4.634434879704633,899
2026-01-10,9,14.842502987343074,931
2026-01-10,10,27.302141561111572,990
2026-01-10,11,13.112034730237538,1068
2026-01-10,12,51.37123114249155,1115
2026-01-11,1,4.770079086446196,545
2026-01-11,2,17.12904714808948,606
2026-01-11,3,12.005575471445256,655
2026-01-11,4,38.44134741817929,687
2026-01-11,5,14.85305834147908,733
2026-01-11,6,2.782609277151707,817
2026-01-11,7,31.155659595863124,857
2026-01-11,8,11.490728061621981,897
2026-01-11,9,11.908663472196947,943
2026-01-11,10,12.79546205063231,980
2026-01-11,11,24.747079648117513,1040
2026-01-11,12,7.556329953262599,1119
2026-01-12,1,19.865704223578273,566
2026-01-12,2,36.11975098187737,586
2026-01-12,3,23.43460555410769,635
2026-01-12,4,43.52450668656164,700
2026-01-12,5,3.166943559901138,745
2026-01-12,6,22.833344638264688,782
2026-01-12,7,5.2698988596841145,845
2026-01-12,8,5.151470438853415,883
2026-01-12,9,10.413720382038703,944
2026-01-12,10,15.493319590630245,989
2026-01-12,11,21.67473604816199,1048
2026-01-12,12,12.91347657439314,1093
2026-01-13,1,14.046903735558153,551
2026-01-13,2,15.024682633659756,585
2026-01-13,3,35.60747227320337,665
2026-01-13,4,5.032612123811238,712
2026-01-13,5,4.030915245777612,750
2026-01-13,6,22.227200523294183,813
2026-01-13,7,63.803588786848145,857
2026-01-13,8,16.017784828083244,903
2026-01-13,9,16.188092472437415,930
2026-01-13,10,10.901376663164013,1003
2026-01-13,11,24.04950583617739,1038
2026-01-13,12,6.180023947799468,1101
2026-01-14,1,30.005120194478074,567
2026-01-14,2,4.146032485708393,594
2026-01-14,3,8.065662388971115,648
2026-01-14,4,27.90442826958551,700
2026-01-14,5,10.521748667445676,742
2026-01-14,6,11.353054321328326,780
2026-01-14,7,9.638681991900754,834
2026-01-14,8,10.720585706301856,885
2026-01-14,9,20.49727727801233,954
2026-01-14,10,14.673034903833578,1018
2026-01-14,11,22.71717922925163,1033
2026-01-14,12,37.118922795463575,1080
2026-01-15,1,6.89424285832987,569
2026-01-15,2,24.031611112443095,601
2026-01-15,3,12.126703915462121,652
2026-01-15,4,6.378231243313255,702
2026-01-15,5,17.156739884634774,730
2026-01-15,6,41.996687349616806,809
2026-01-15,7,42.50078495280293,853
2026-01-15,8,14.70225524135404,901
2026-01-15,9,3.8006480697046285,965
2026-01-15,10,32.764737396922605,1019
2026-01-15,11,4.840238150406249,1033
2026-01-15,12,21.99293604666801,1097
2026-01-16,1,9.884220692658328,556
2026-01-16,2,12.04947345589819,593
2026-01-16,3,17.568208716912945,657
2026-01-16,4,25.79727782675773,702
2026-01-16,5,24.921677008520337,751
2026-01-16,6,29.435390610170636,805
2026-01-16,7,6.984071378414937,859
2026-01-16,8,16.986549368522716,883
2026-01-16,9,31.693920018045507,960
2026-01-16,10,12.474372457246321,1003
2026-01-16,11,6.127297810828557,1037
2026-01-16,12,17.09041325935511,1091
2026-01-17,1,42.492007269313056,533
2026-01-17,2,10.396797316254824,600
2026-01-17,3,12.353722996832108,639
2026-01-17,4,8.607197915568557,707
2026-01-17,5,10.508510280584723,765
2026-01-17,6,6.244071071224255,792
2026-01-17,7,27.146683452114264,868
2026-01-17,8,16.60039683306967,893
2026-01-17,9,10.55184995059261,933
2026-01-17,10,10.275823005456806,1015
2026-01-17,11,12.423682228514053,1033
2026-01-17,12,15.565809552658449,1082
2026-01-18,1,3.4758940834013,542
2026-01-18,2,28.05329003567691,614
2026-01-18,3,18.00725059475028,644
2026-01-18,4,19.631638984668403,686
2026-01-18,5,4.786320418994276,747
2026-01-18,6,6.435710026262373,798
2026-01-18,7,55.34599469870472,832
2026-01-18,8,5.491004345156,906
2026-01-18,9,15.368764456800925,944
2026-01-18,10,19.826452857336886,987
2026-01-18,11,8.127904682307904,1040
2026-01-18,12,14.469688880259636,1106
2026-01-19,1,21.93842358036419,562
2026-01-19,2,7.600824824284993,615
2026-01-19,3,23.509585027839396,653
2026-01-19,4,30.034664821931486,716
2026-01-19,5,20.28659306871058,756
2026-01-19,6,13.56328400057159,817
2026-01-19,7,14.440231840349878,855
2026-01-19,8,14.09520110803525,882
2026-01-19,9,23.253147566986872,967
2026-01-19,10,27.842214590759788,1004
2026-01-19,11,18.512731009840426,1053
2026-01-19,12,13.36201285921217,1095
2026-01-20,1,29.33626091863002,531
2026-01-20,2,13.401523762022077,613
2026-01-20,3,0.6514486602894859,645
2026-01-20,4,9.632126159748937,705
2026-01-20,5,9.094922241854038,763
2026-01-20,6,20.937552161838727,804
2026-01-20,7,34.88823185224704,841
2026-01-20,8,9.172535409368006,905
2026-01-20,9,16.642558677160398,961
2026-01-20,10,22.89842751827821,986
2026-01-20,11,25.05164591640718,1052
2026-01-20,12,34.342366382805636,1082
2026-01-21,1,10.280163946305633,566
2026-01-21,2,40.785462934046734,587
2026-01-21,3,4.933156284219433,667
2026-01-21,4,14.32634002126158,701
2026-01-21,5,16.73660019271959,741
2026-01-21,6,47.38143303735947,808
2026-01-21,7,14.876642499226804,845
2026-01-21,8,4.1429565178006476,901
2026-01-21,9,11.018325972343746,959
2026-01-21,10,2.7214214841668647,995
2026-01-21,11,41.81449645696944,1049
2026-01-21,12,25.374742113631793,1108
2026-01-22,1,34.36682721695461,569
2026-01-22,2,12.755504660803295,616
2026-01-22,3,14.719533276593117,639
2026-01-22,4,2.1127671509002846,691
2026-01-22,5,11.974262390108803,766
2026-01-22,6,25.331245070350473,780
2026-01-22,7,10.755237209465985,858
2026-01-22,8,9.199055368762634,896
2026-01-22,9,1.2057942678891973,965
2026-01-22,10,27.683851095780998,1008
2026-01-22,11,48.367951577210576,1031
2026-01-22,12,25.620097666284426,1086
2026-01-23,1,17.893266005264604,541
2026-01-23,2,8.211614761014854,610
2026-01-23,3,6.248645812790537,658
2026-01-23,4,10.738106544057207,705
2026-01-23,5,27.122862492079207,740
2026-01-23,6,6.507824218862122,787
2026-01-23,7,35.579128239811,856
2026-01-23,8,1.5678614095668202,880
2026-01-23,9,25.051416153922673,953
2026-01-23,10,26.176428613373446,994
2026-01-23,11,49.57189157343408,1064
2026-01-23,12,15.959640447082531,1110
2026-01-24,1,4.827630131835828,537
2026-01-24,2,10.319646517889858,582
2026-01-24,3,44.0216526132611,638
2026-01-24,4,15.48301745622734,699
2026-01-24,5,10.44003137370046,733
2026-01-24,6,37.9265203311635,807
2026-01-24,7,21.089085119140222,864
2026-01-24,8,5.957690558482439,909
2026-01-24,9,7.183957721408301,956
2026-01-24,10,8.44316452580817,1006
2026-01-24,11,17.464224557053427,1046
2026-01-24,12,14.100644141060211,1113
2026-01-25,1,43.80938301665855,566
2026-01-25,2,14.549358295959806,603
2026-01-25,3,23.977043785996777,645
2026-01-25,4,7.835985315981659,706
2026-01-25,5,18.241527406008846,755
2026-01-25,6,13.141596647423924,794
2026-01-25,7,16.28584236983405,852
2026-01-25,8,4.453053241743173,895
2026-01-25,9,16.10816721376799,969
2026-01-25,10,34.55239682715413,996
2026-01-25,11,10.833953426048083,1032
2026-01-25,12,5.588863657141943,1102
2026-01-26,1,12.904945644778087,562
2026-01-26,2,26.49303624367412,602
2026-01-26,3,52.48749988955018,652
2026-01-26,4,8.756605057261982,693
2026-01-26,5,19.375425581071784,752
2026-01-26,6,19.716168362549176,819
2026-01-26,7,42.83143977452225,844
2026-01-26,8,8.001028712224068,913
2026-01-26,9,11.793059181061526,966
2026-01-26,10,7.676566620633198,985
2026-01-26,11,5.917633189938879,1039
2026-01-26,12,16.554802487051397,1105
2026-01-27,1,19.06424619923675,566
2026-01-27,2,26.7633297003363,587
2026-01-27,3,19.179107026536883,654
2026-01-27,4,4.7443001518761765,702
2026-01-27,5,32.64329482286475,752
2026-01-27,6,23.1746381379268,797
2026-01-27,7,6.365271427297108,863
2026-01-27,8,23.85777412101561,898
2026-01-27,9,23.711402495211708,963
2026-01-27,10,37.661015570597826,1010
2026-01-27,11,10.974521816649112,1056
2026-01-27,12,7.7888136734575815,1102
2026-01-28,1,4.532381756283221,538
2026-01-28,2,13.020941340494936,583
2026-01-28,3,10.004574171776927,654
2026-01-28,4,14.489643696607077,685
2026-01-28,5,14.695957657585822,730
2026-01-28,6,65.043688937215,815
2026-01-28,7,11.334870691083731,843
2026-01-28,8,14.899660201000577,903
2026-01-28,9,28.567956881735174,954
2026-01-28,10,40.94464983913468,985
2026-01-28,11,16.743448317198002,1062
2026-01-28,12,2.863224589278493,1093
2026-01-29,1,17.30515399964414,550
2026-01-29,2,13.618814623297467,590
2026-01-29,3,23.781519252529872,659
2026-01-29,4,28.822778220751438,683
2026-01-29,5,4.215994220672916,732
2026-01-29,6,17.072141151312074,816
2026-01-29,7,30.612298623418738,868
2026-01-29,8,40.311955737963565,890
2026-01-29,9,4.921858633670358,949
2026-01-29,10,9.888450716753926,1005
2026-01-29,11,29.352898930534366,1058
2026-01-29,12,8.524551273210777,1093
2026-01-30,1,11.85267542675222,548
2026-01-30,2,24.530491585918163,619
2026-01-30,3,16.840329564449767,660
2026-01-30,4,2.7480563915336735,716
2026-01-30,5,31.432952098182916,747
2026-01-30,6,10.839178374368855,812
2026-01-30,7,6.836092974290413,848
2026-01-30,8,22.37327025730433,886
2026-01-30,9,6.594456315164352,952
2026-01-30,10,37.96622954546477,1013
2026-01-30,11,39.865406244275874,1037
2026-01-30,12,21.189663891754826,1092
2026-01-31,1,0.1042456350995997,545
2026-01-31,2,0.5500204121678247,603
2026-01-31,3,0.48580630505766037,664
2026-01-31,4,0.2949267012629519,703
2026-01-31,5,0.33532115839301446,744
2026-01-31,6,0.45294241792354856,781
2026-01-31,7,0.23299453453706984,868
2026-01-31,8,0.909867336961803,896
2026-01-31,9,0.04003466364081002,942
2026-01-31,10,0.22743419442425697,1019
2026-01-31,11,0.30554543105081894,1050
2026-01-31,12,0.353510324027918,1119
